<?xml version="1.0" encoding="UTF-8"?>
<beans xmlns="http://www.springframework.org/schema/beans"
	xmlns:xsi="http://www.w3.org/2001/XMLSchema-instance"
	xmlns:context="http://www.springframework.org/schema/context"
	xmlns:mvc="http://www.springframework.org/schema/mvc"
	xmlns:p="http://www.springframework.org/schema/p"
	xsi:schemaLocation="http://www.springframework.org/schema/mvc http://www.springframework.org/schema/mvc/spring-mvc-4.2.xsd
		http://www.springframework.org/schema/beans http://www.springframework.org/schema/beans/spring-beans.xsd
		http://www.springframework.org/schema/context http://www.springframework.org/schema/context/spring-context-4.2.xsd">

	<mvc:annotation-driven  >
		<mvc:message-converters register-defaults="true">
			<!-- 将StringHttpMessageCOnverter的默认编码设为UTF-8 -->
		<!-- <bean class="org.springframework.http.converter.StringHttpMessageConverter">
			<constructor-arg value="UTF-8" />
		</bean>-->
        <!-- 添加一处JSON转换器 -->
		<bean class="org.springframework.http.converter.json.MappingJackson2HttpMessageConverter" primary="true">
			<property name="objectMapper" >
				<bean class="zdfs.util.CustomerObjectMapper"></bean>
			</property>
		</bean>
		
		</mvc:message-converters>
	</mvc:annotation-driven>	

<context:component-scan base-package="zdfs.web" />


	<bean id='multipartResolver' class="org.springframework.web.multipart.support.StandardServletMultipartResolver" />
		


	<mvc:resources mapping="/js/**" location="/js/"/>
	<mvc:resources mapping="/image/**" location="/image/"/>
</beans>
