<?xml version="1.0" encoding="UTF-8"?>
<beans xmlns="http://www.springframework.org/schema/beans"
	xmlns:xsi="http://www.w3.org/2001/XMLSchema-instance"
	xmlns:aop="http://www.springframework.org/schema/aop"
	xmlns:context="http://www.springframework.org/schema/context"
	xmlns:jdbc="http://www.springframework.org/schema/jdbc"
	xmlns:mybatis-spring="http://mybatis.org/schema/mybatis-spring"
	xmlns:p="http://www.springframework.org/schema/p"
	xmlns:tx="http://www.springframework.org/schema/tx"
	xmlns:redis="http://www.springframework.org/schema/redis"
	xmlns:util="http://www.springframework.org/schema/util"
	xsi:schemaLocation="http://www.springframework.org/schema/jdbc http://www.springframework.org/schema/jdbc/spring-jdbc-4.2.xsd
		http://mybatis.org/schema/mybatis-spring http://mybatis.org/schema/mybatis-spring-1.2.xsd
		http://www.springframework.org/schema/beans http://www.springframework.org/schema/beans/spring-beans.xsd
		http://www.springframework.org/schema/context http://www.springframework.org/schema/context/spring-context-4.2.xsd
		http://www.springframework.org/schema/aop http://www.springframework.org/schema/aop/spring-aop-4.2.xsd
		http://www.springframework.org/schema/redis http://www.springframework.org/schema/redis/spring-redis-1.0.xsd
		http://www.springframework.org/schema/tx http://www.springframework.org/schema/tx/spring-tx-4.2.xsd
		http://www.springframework.org/schema/util http://www.springframework.org/schema/util/spring-util-4.2.xsd">

	<!-- 
	<util:properties id='test'  location="classpath:config.properties"></util:properties>
	 -->
	 
	 <context:component-scan base-package="zdfs" annotation-config="true"/>
	 
	 <bean id='propertyConfigurer' class="org.springframework.beans.factory.config.PropertyPlaceholderConfigurer">
	 	<property name="locations">
	 		<list>
	 			<value >classpath:config.properties</value>
	 		</list>
	 	</property>
	 </bean>
	 
	<!-- mybatis -->
	<mybatis-spring:scan base-package="zdfs.dao" factory-ref="sqlSessionFactory"/>
	<mybatis-spring:scan base-package="zdfs.tf02.dao" factory-ref="tf02_sqlSessionFactory"/>

	<!-- datasource -->
	<bean id='dataSource' class="org.apache.commons.dbcp2.BasicDataSource"
		p:password="${jdbc.password}"
		p:username="${jdbc.username}"
		p:url="${jdbc.url}"
		p:driverClassName="${jdbc.driver}"
	/>
	
	<bean id='tf02_dataSource' class="org.apache.commons.dbcp2.BasicDataSource"
		p:password="${tf02.jdbc.password}"
		p:username="${tf02.jdbc.username}"
		p:url="${tf02.jdbc.url}"
		p:driverClassName="${tf02.jdbc.driver}"
	/>
	
	<!-- transaction manager -->
	<bean id="transactionManager" class="org.springframework.jdbc.datasource.DataSourceTransactionManager" 
		p:dataSource-ref="dataSource" />
	
	
	<bean id="tf02_transactionalManager" class="org.springframework.jdbc.datasource.DataSourceTransactionManager" 
		p:dataSource-ref="tf02_dataSource"/>
	
	<!-- mybatis -->
	<bean id="sqlSessionFactory" class="org.mybatis.spring.SqlSessionFactoryBean" 
		p:dataSource-ref="dataSource" />
	 
	 
	 <bean id='tf02_sqlSessionFactory'  class="org.mybatis.spring.SqlSessionFactoryBean" p:dataSource-ref="tf02_dataSource" />
	 
	
	<!-- reids  -->
	<bean id="jedisConnFactory" 
    class="org.springframework.data.redis.connection.jedis.JedisConnectionFactory" 
	    p:use-pool="true"
	    p:hostName="${redis.hostname}"
	    p:port="${redis.port}"
	    p:clientName="${redis.clientName}"
	    p:password="${redis.password}"
	    p:timeout="${redis.timeout}"
    />


	<bean id="redisTemplate" class="org.springframework.data.redis.core.RedisTemplate" 
	    p:connection-factory-ref="jedisConnFactory" >

    	<property name="defaultSerializer">
    		<bean id="stringRedisSerializer" class="org.springframework.data.redis.serializer.StringRedisSerializer"/>
    	</property>

	</bean>
	
	<bean id='stringRedisSerializer' class="org.springframework.data.redis.serializer.StringRedisSerializer" />
	
	<!-- redis message listener container -->
	<!-- subscirbers -->
	
	<bean id='doctorLogoutSubscriber' class="zdfs.message.impl.DoctorLogoutSubscriber"/>
	<bean id='doctorLoginSubscriber' class="zdfs.message.impl.DoctorLoginSubscriber"/>
	<bean id='doctorHeartbeatSubscriber' class="zdfs.message.impl.DoctorHeartbeatSubscriber"/>
	<bean id="doctorExpireSubscriber" class="zdfs.message.impl.DoctorExpireSubscriber"></bean>
	
	<!-- publishers -->
	<bean id='doctorStatusPublisher' class="zdfs.message.impl.DoctorStatusPublisher"></bean>

	<redis:listener-container connection-factory="jedisConnFactory" >
		<redis:listener ref="doctorLoginSubscriber"  topic="doctor_login" serializer="stringRedisSerializer" />
		<redis:listener ref="doctorLogoutSubscriber"  topic="doctor_logout" serializer="stringRedisSerializer" />
		<redis:listener ref="doctorHeartbeatSubscriber"  topic="doctor_heartbeat" serializer="stringRedisSerializer" />
		<redis:listener ref="doctorExpireSubscriber" topic="__keyevent@0__:expired" serializer="stringRedisSerializer"></redis:listener>
	</redis:listener-container>
	
	</beans>