<?xml version="1.0" encoding="UTF-8"?>
<!DOCTYPE generatorConfiguration PUBLIC "-//mybatis.org//DTD MyBatis Generator Configuration 1.0//EN" "http://mybatis.org/dtd/mybatis-generator-config_1_0.dtd">
<generatorConfiguration>
	<properties resource="config.properties"/>
	<classPathEntry location="src\main\resources\mysql-connector-java-5.1.42.jar"/>
 	
 	
 
  <context id="zdfs_tables" >
    <jdbcConnection connectionURL="${mybatis.generator.jdbcURL}" 
    				driverClass="${mybatis.generator.jdbcDriver}" 
    				password="${mybatis.generator.jdbcPassword}" 
    				userId="${mybatis.generator.jdbcUserId}" />
    
    <javaModelGenerator targetPackage="zdfs.model" targetProject="src/main/java" />
    <sqlMapGenerator targetPackage="zdfs.dao" targetProject="src/main/java" />
    <javaClientGenerator targetPackage="zdfs.dao" targetProject="src/main/java" type="XMLMAPPER" />
   
   <!-- 
    <table schema="${mybatis.generator.schema}" tableName="doctor_t">
      <property name="useActualColumnNames" value='true'/>
      <generatedKey column="ID" sqlStatement="mysql" identity='ture'/>
    </table>
    <table schema="${mybatis.generator.schema}" tableName="appointment_t">
      <property name="useActualColumnNames" value='true'/>
      <generatedKey column="ID" sqlStatement="mysql" identity='ture'/>
    </table>
    <table schema="${mybatis.generator.schema}" tableName="department_t">
      <property name="useActualColumnNames" value='true'/>
      <generatedKey column="ID" sqlStatement="mysql" identity='ture'/>
    </table>-->
    <!-- 
    <table schema="${mybatis.generator.schema}" tableName="diagnose_t">
      <property name="useActualColumnNames" value='true'/>
      <generatedKey column="ID" sqlStatement="mysql" identity='ture'/>
    </table>
     -->
    <!-- 
    <table schema="${mybatis.generator.schema}" tableName="hospital_t">
      <property name="useActualColumnNames" value='true'/>
      <generatedKey column="ID" sqlStatement="mysql" identity='ture'/>
    </table> -->
    <!-- 
    <table schema="${mybatis.generator.schema}" tableName="r_doctor_anychat_t">
      <property name="useActualColumnNames" value='true'/>
      <generatedKey column="ID" sqlStatement="mysql" identity='ture'/>
    </table>
     -->
    <!-- 
    <table schema="${mybatis.generator.schema}" tableName="patient_t">
    	<property name="useActualColumnNames" value="true"/>
    	<generatedKey column="ID" sqlStatement="mysql" identity="true"/>
    </table>
     -->
     <!-- 
     <table schema="${mybatis.generator.schema}" tableName="video_t">
     	<property name="useActualColumnNames" value="true"/>
     	<generatedKey column="ID" sqlStatement="mysql" identity="ture" />
     </table>
     <table schema="${mybatis.generator.schema}" tableName="diagnose_t">
     	<property name="useActualColumnNames" value="true"/>
     	<generatedKey column="ID" sqlStatement="mysql" identity="ture" />
     </table>
      -->
     <table schema="${mybatis.generator.schema}" tableName="doctor_t">
     	<property name="useActualColumnNames" value="true"/>
     	<generatedKey column="ID" sqlStatement="mysql" identity="ture" />
     </table> 
<!-- 
	<table schema="${mybatis.generator.schema}" tableName="meta_department_type_t">
		<property name="useActualColumnNames" value="true"/>
    	<generatedKey column="ID" sqlStatement="mysql" identity="true"/>
	</table>
	 
	<table schema="${mybatis.generator.schema}" tableName="meta_doctor_type_t">
		<property name="useActualColumnNames" value="true"/>
    	<generatedKey column="ID" sqlStatement="mysql" identity="true"/>
	</table>
	-->
  </context>
  
   <!-- 
  <context id="tf02_tables">
  	<jdbcConnection connectionURL="${mybatis.generator.tf02.jdbcURL}" 
    				driverClass="${mybatis.generator.tf02.jdbcDriver}" 
    				password="${mybatis.generator.tf02.jdbcPassword}" 
    				userId="${mybatis.generator.tf02.jdbcUserId}" />
    
    <javaModelGenerator targetPackage="zdfs.tf02.model" targetProject="src/main/java" />
    <sqlMapGenerator targetPackage="zdfs.tf02.dao" targetProject="src/main/java" />
    <javaClientGenerator targetPackage="zdfs.tf02.dao" targetProject="src/main/java" type="XMLMAPPER" />
     
     
     <table schema="${mybatis.generator.tf02.schema}" tableName="today_remind">
      <property name="useActualColumnNames" value='true'/>
      <generatedKey column="ID" sqlStatement="mysql" identity='ture'/>
    </table>
     <table schema="${mybatis.generator.tf02.schema}" tableName="bp_data">
      <property name="useActualColumnNames" value='true'/>
      <generatedKey column="ID" sqlStatement="mysql" identity='ture'/>
    </table>
    <table schema="${mybatis.generator.tf02.schema}" tableName="bf_data">
      <property name="useActualColumnNames" value='true'/>
      <generatedKey column="ID" sqlStatement="mysql" identity='ture'/>
    </table>
    <table schema="${mybatis.generator.tf02.schema}" tableName="ecg_data">
      <property name="useActualColumnNames" value='true'/>
      <generatedKey column="ID" sqlStatement="mysql" identity='ture'/>
    </table>
    <table schema="${mybatis.generator.tf02.schema}" tableName="glu_data">
      <property name="useActualColumnNames" value='true'/>
      <generatedKey column="ID" sqlStatement="mysql" identity='ture'/>
    </table>
    <table schema="${mybatis.generator.tf02.schema}" tableName="rspo2_data">
      <property name="useActualColumnNames" value='true'/>
      <generatedKey column="ID" sqlStatement="mysql" identity='ture'/>
    </table>
    <table schema="${mybatis.generator.tf02.schema}" tableName="members_info">
      <property name="useActualColumnNames" value='true'/>
      <generatedKey column="ID" sqlStatement="mysql" identity='ture'/>
    </table>
    
    
  </context> -->
</generatorConfiguration>

