<?xml version="1.0" encoding="UTF-8"?>
<!DOCTYPE mapper PUBLIC "-//mybatis.org//DTD Mapper 3.0//EN" "http://mybatis.org/dtd/mybatis-3-mapper.dtd">
<mapper namespace="zdfs.dao.AppointmentTMapper">
  <resultMap id="BaseResultMap" type="zdfs.model.AppointmentT">
    <!--
      WARNING - @mbg.generated
      This element is automatically generated by MyBatis Generator, do not modify.
      This element was generated on Mon Jul 17 20:14:02 CST 2017.
    -->
    <id column="id" jdbcType="BIGINT" property="id" />
    <result column="p_id" jdbcType="INTEGER" property="p_id" />
    <result column="d_id" jdbcType="INTEGER" property="d_id" />
    <result column="tel" jdbcType="VARCHAR" property="tel" />
    <result column="info" jdbcType="VARCHAR" property="info" />
    <result column="appoint_date" jdbcType="DATE" property="appoint_date" />
    <result column="appoint_time_start" jdbcType="TIME" property="appoint_time_start" />
    <result column="appoint_time_end" jdbcType="TIME" property="appoint_time_end" />
    <result column="state" jdbcType="INTEGER" property="state" />
    <result column="refuse_reason" jdbcType="INTEGER" property="refuse_reason" />
    <result column="create_time" jdbcType="TIMESTAMP" property="create_time" />
    <result column="delflag" jdbcType="BIT" property="delflag" />
    <result column="embark_direction" jdbcType="BIT" property="embark_direction" />
  </resultMap>
  <sql id="Example_Where_Clause">
    <!--
      WARNING - @mbg.generated
      This element is automatically generated by MyBatis Generator, do not modify.
      This element was generated on Mon Jul 17 20:14:02 CST 2017.
    -->
    <where>
      <foreach collection="oredCriteria" item="criteria" separator="or">
        <if test="criteria.valid">
          <trim prefix="(" prefixOverrides="and" suffix=")">
            <foreach collection="criteria.criteria" item="criterion">
              <choose>
                <when test="criterion.noValue">
                  and ${criterion.condition}
                </when>
                <when test="criterion.singleValue">
                  and ${criterion.condition} #{criterion.value}
                </when>
                <when test="criterion.betweenValue">
                  and ${criterion.condition} #{criterion.value} and #{criterion.secondValue}
                </when>
                <when test="criterion.listValue">
                  and ${criterion.condition}
                  <foreach close=")" collection="criterion.value" item="listItem" open="(" separator=",">
                    #{listItem}
                  </foreach>
                </when>
              </choose>
            </foreach>
          </trim>
        </if>
      </foreach>
    </where>
  </sql>
  <sql id="Update_By_Example_Where_Clause">
    <!--
      WARNING - @mbg.generated
      This element is automatically generated by MyBatis Generator, do not modify.
      This element was generated on Mon Jul 17 20:14:02 CST 2017.
    -->
    <where>
      <foreach collection="example.oredCriteria" item="criteria" separator="or">
        <if test="criteria.valid">
          <trim prefix="(" prefixOverrides="and" suffix=")">
            <foreach collection="criteria.criteria" item="criterion">
              <choose>
                <when test="criterion.noValue">
                  and ${criterion.condition}
                </when>
                <when test="criterion.singleValue">
                  and ${criterion.condition} #{criterion.value}
                </when>
                <when test="criterion.betweenValue">
                  and ${criterion.condition} #{criterion.value} and #{criterion.secondValue}
                </when>
                <when test="criterion.listValue">
                  and ${criterion.condition}
                  <foreach close=")" collection="criterion.value" item="listItem" open="(" separator=",">
                    #{listItem}
                  </foreach>
                </when>
              </choose>
            </foreach>
          </trim>
        </if>
      </foreach>
    </where>
  </sql>
  <sql id="Base_Column_List">
    <!--
      WARNING - @mbg.generated
      This element is automatically generated by MyBatis Generator, do not modify.
      This element was generated on Mon Jul 17 20:14:02 CST 2017.
    -->
    id, p_id, d_id, tel, info, appoint_date, appoint_time_start, appoint_time_end, state, 
    refuse_reason, create_time, delflag, embark_direction
  </sql>
  <sql id="Base_Column_List_Alias">
    ap.id, ap.p_id, ap.d_id, ap.tel, ap.info, ap.appoint_date, ap.appoint_time_start, ap.appoint_time_end, ap.state, 
    ap.refuse_reason, ap.create_time, ap.delflag, ap.embark_direction
  </sql>
  <select id="selectByExample" parameterType="zdfs.model.AppointmentTExample" resultMap="BaseResultMap">
    <!--
      WARNING - @mbg.generated
      This element is automatically generated by MyBatis Generator, do not modify.
      This element was generated on Mon Jul 17 20:14:02 CST 2017.
    -->
    select
    <if test="distinct">
      distinct
    </if>
    <include refid="Base_Column_List" />
    from appointment_t
    <if test="_parameter != null">
      <include refid="Example_Where_Clause" />
    </if>
    <if test="orderByClause != null">
      order by ${orderByClause}
    </if>
  </select>
  <select id="selectByPrimaryKey" parameterType="java.lang.Long" resultMap="BaseResultMap">
    <!--
      WARNING - @mbg.generated
      This element is automatically generated by MyBatis Generator, do not modify.
      This element was generated on Mon Jul 17 20:14:02 CST 2017.
    -->
    select 
    <include refid="Base_Column_List" />
    from appointment_t
    where id = #{id,jdbcType=BIGINT}
  </select>
  <delete id="deleteByPrimaryKey" parameterType="java.lang.Long">
    <!--
      WARNING - @mbg.generated
      This element is automatically generated by MyBatis Generator, do not modify.
      This element was generated on Mon Jul 17 20:14:02 CST 2017.
    -->
    delete from appointment_t
    where id = #{id,jdbcType=BIGINT}
  </delete>
  <delete id="deleteByExample" parameterType="zdfs.model.AppointmentTExample">
    <!--
      WARNING - @mbg.generated
      This element is automatically generated by MyBatis Generator, do not modify.
      This element was generated on Mon Jul 17 20:14:02 CST 2017.
    -->
    delete from appointment_t
    <if test="_parameter != null">
      <include refid="Example_Where_Clause" />
    </if>
  </delete>
  <insert id="insert" parameterType="zdfs.model.AppointmentT"  useGeneratedKeys="true" keyProperty="id">
    <!--
      WARNING - @mbg.generated
      This element is automatically generated by MyBatis Generator, do not modify.
      This element was generated on Mon Jul 17 20:14:02 CST 2017.
    -->

    insert into appointment_t ( p_id, d_id, 
      tel, info, appoint_date, 
      appoint_time_start, appoint_time_end, state, 
      refuse_reason, create_time, delflag, 
      embark_direction)
    values ( #{p_id,jdbcType=INTEGER}, #{d_id,jdbcType=INTEGER}, 
      #{tel,jdbcType=VARCHAR}, #{info,jdbcType=VARCHAR}, #{appoint_date,jdbcType=DATE}, 
      #{appoint_time_start,jdbcType=TIME}, #{appoint_time_end,jdbcType=TIME}, #{state,jdbcType=INTEGER}, 
      #{refuse_reason,jdbcType=INTEGER}, #{create_time,jdbcType=TIMESTAMP}, #{delflag,jdbcType=BIT}, 
      #{embark_direction,jdbcType=BIT})
  </insert>
  <insert id="insertSelective" parameterType="zdfs.model.AppointmentT">
    <!--
      WARNING - @mbg.generated
      This element is automatically generated by MyBatis Generator, do not modify.
      This element was generated on Mon Jul 17 20:14:02 CST 2017.
    -->
    <selectKey keyProperty="id" order="BEFORE" resultType="java.lang.Long">
      SELECT LAST_INSERT_ID()
    </selectKey>
    insert into appointment_t
    <trim prefix="(" suffix=")" suffixOverrides=",">
      id,
      <if test="p_id != null">
        p_id,
      </if>
      <if test="d_id != null">
        d_id,
      </if>
      <if test="tel != null">
        tel,
      </if>
      <if test="info != null">
        info,
      </if>
      <if test="appoint_date != null">
        appoint_date,
      </if>
      <if test="appoint_time_start != null">
        appoint_time_start,
      </if>
      <if test="appoint_time_end != null">
        appoint_time_end,
      </if>
      <if test="state != null">
        state,
      </if>
      <if test="refuse_reason != null">
        refuse_reason,
      </if>
      <if test="create_time != null">
        create_time,
      </if>
      <if test="delflag != null">
        delflag,
      </if>
      <if test="embark_direction != null">
        embark_direction,
      </if>
    </trim>
    <trim prefix="values (" suffix=")" suffixOverrides=",">
      #{id,jdbcType=BIGINT},
      <if test="p_id != null">
        #{p_id,jdbcType=INTEGER},
      </if>
      <if test="d_id != null">
        #{d_id,jdbcType=INTEGER},
      </if>
      <if test="tel != null">
        #{tel,jdbcType=VARCHAR},
      </if>
      <if test="info != null">
        #{info,jdbcType=VARCHAR},
      </if>
      <if test="appoint_date != null">
        #{appoint_date,jdbcType=DATE},
      </if>
      <if test="appoint_time_start != null">
        #{appoint_time_start,jdbcType=TIME},
      </if>
      <if test="appoint_time_end != null">
        #{appoint_time_end,jdbcType=TIME},
      </if>
      <if test="state != null">
        #{state,jdbcType=INTEGER},
      </if>
      <if test="refuse_reason != null">
        #{refuse_reason,jdbcType=INTEGER},
      </if>
      <if test="create_time != null">
        #{create_time,jdbcType=TIMESTAMP},
      </if>
      <if test="delflag != null">
        #{delflag,jdbcType=BIT},
      </if>
      <if test="embark_direction != null">
        #{embark_direction,jdbcType=BIT},
      </if>
    </trim>
  </insert>
  <select id="countByExample" parameterType="zdfs.model.AppointmentTExample" resultType="java.lang.Long">
    <!--
      WARNING - @mbg.generated
      This element is automatically generated by MyBatis Generator, do not modify.
      This element was generated on Mon Jul 17 20:14:02 CST 2017.
    -->
    select count(*) from appointment_t
    <if test="_parameter != null">
      <include refid="Example_Where_Clause" />
    </if>
  </select>
  <update id="updateByExampleSelective" parameterType="map">
    <!--
      WARNING - @mbg.generated
      This element is automatically generated by MyBatis Generator, do not modify.
      This element was generated on Mon Jul 17 20:14:02 CST 2017.
    -->
    update appointment_t
    <set>
      <if test="record.id != null">
        id = #{record.id,jdbcType=BIGINT},
      </if>
      <if test="record.p_id != null">
        p_id = #{record.p_id,jdbcType=INTEGER},
      </if>
      <if test="record.d_id != null">
        d_id = #{record.d_id,jdbcType=INTEGER},
      </if>
      <if test="record.tel != null">
        tel = #{record.tel,jdbcType=VARCHAR},
      </if>
      <if test="record.info != null">
        info = #{record.info,jdbcType=VARCHAR},
      </if>
      <if test="record.appoint_date != null">
        appoint_date = #{record.appoint_date,jdbcType=DATE},
      </if>
      <if test="record.appoint_time_start != null">
        appoint_time_start = #{record.appoint_time_start,jdbcType=TIME},
      </if>
      <if test="record.appoint_time_end != null">
        appoint_time_end = #{record.appoint_time_end,jdbcType=TIME},
      </if>
      <if test="record.state != null">
        state = #{record.state,jdbcType=INTEGER},
      </if>
      <if test="record.refuse_reason != null">
        refuse_reason = #{record.refuse_reason,jdbcType=INTEGER},
      </if>
      <if test="record.create_time != null">
        create_time = #{record.create_time,jdbcType=TIMESTAMP},
      </if>
      <if test="record.delflag != null">
        delflag = #{record.delflag,jdbcType=BIT},
      </if>
      <if test="record.embark_direction != null">
        embark_direction = #{record.embark_direction,jdbcType=BIT},
      </if>
    </set>
    <if test="_parameter != null">
      <include refid="Update_By_Example_Where_Clause" />
    </if>
  </update>
  <update id="updateByExample" parameterType="map">
    <!--
      WARNING - @mbg.generated
      This element is automatically generated by MyBatis Generator, do not modify.
      This element was generated on Mon Jul 17 20:14:02 CST 2017.
    -->
    update appointment_t
    set id = #{record.id,jdbcType=BIGINT},
      p_id = #{record.p_id,jdbcType=INTEGER},
      d_id = #{record.d_id,jdbcType=INTEGER},
      tel = #{record.tel,jdbcType=VARCHAR},
      info = #{record.info,jdbcType=VARCHAR},
      appoint_date = #{record.appoint_date,jdbcType=DATE},
      appoint_time_start = #{record.appoint_time_start,jdbcType=TIME},
      appoint_time_end = #{record.appoint_time_end,jdbcType=TIME},
      state = #{record.state,jdbcType=INTEGER},
      refuse_reason = #{record.refuse_reason,jdbcType=INTEGER},
      create_time = #{record.create_time,jdbcType=TIMESTAMP},
      delflag = #{record.delflag,jdbcType=BIT},
      embark_direction = #{record.embark_direction,jdbcType=BIT}
    <if test="_parameter != null">
      <include refid="Update_By_Example_Where_Clause" />
    </if>
  </update>
  <update id="updateByPrimaryKeySelective" parameterType="zdfs.model.AppointmentT">
    <!--
      WARNING - @mbg.generated
      This element is automatically generated by MyBatis Generator, do not modify.
      This element was generated on Mon Jul 17 20:14:02 CST 2017.
    -->
    update appointment_t
    <set>
      <if test="p_id != null">
        p_id = #{p_id,jdbcType=INTEGER},
      </if>
      <if test="d_id != null">
        d_id = #{d_id,jdbcType=INTEGER},
      </if>
      <if test="tel != null">
        tel = #{tel,jdbcType=VARCHAR},
      </if>
      <if test="info != null">
        info = #{info,jdbcType=VARCHAR},
      </if>
      <if test="appoint_date != null">
        appoint_date = #{appoint_date,jdbcType=DATE},
      </if>
      <if test="appoint_time_start != null">
        appoint_time_start = #{appoint_time_start,jdbcType=TIME},
      </if>
      <if test="appoint_time_end != null">
        appoint_time_end = #{appoint_time_end,jdbcType=TIME},
      </if>
      <if test="state != null">
        state = #{state,jdbcType=INTEGER},
      </if>
      <if test="refuse_reason != null">
        refuse_reason = #{refuse_reason,jdbcType=INTEGER},
      </if>
      <if test="create_time != null">
        create_time = #{create_time,jdbcType=TIMESTAMP},
      </if>
      <if test="delflag != null">
        delflag = #{delflag,jdbcType=BIT},
      </if>
      <if test="embark_direction != null">
        embark_direction = #{embark_direction,jdbcType=BIT},
      </if>
    </set>
    where id = #{id,jdbcType=BIGINT}
  </update>
  <update id="updateByPrimaryKey" parameterType="zdfs.model.AppointmentT">
    <!--
      WARNING - @mbg.generated
      This element is automatically generated by MyBatis Generator, do not modify.
      This element was generated on Mon Jul 17 20:14:02 CST 2017.
    -->
    update appointment_t
    set p_id = #{p_id,jdbcType=INTEGER},
      d_id = #{d_id,jdbcType=INTEGER},
      tel = #{tel,jdbcType=VARCHAR},
      info = #{info,jdbcType=VARCHAR},
      appoint_date = #{appoint_date,jdbcType=DATE},
      appoint_time_start = #{appoint_time_start,jdbcType=TIME},
      appoint_time_end = #{appoint_time_end,jdbcType=TIME},
      state = #{state,jdbcType=INTEGER},
      refuse_reason = #{refuse_reason,jdbcType=INTEGER},
      create_time = #{create_time,jdbcType=TIMESTAMP},
      delflag = #{delflag,jdbcType=BIT},
      embark_direction = #{embark_direction,jdbcType=BIT}
    where id = #{id,jdbcType=BIGINT}
  </update>
  
  <select id="findByMemberId" parameterType="java.lang.Integer" resultMap="BaseResultMap">
  	select   <include refid="Base_Column_List_Alias" />
  	 FROM appointment_t ap inner join patient_t p 
  		on p.p_id = ap.p_id 
  	 	where p.member_id=#{memberId,jdbcType=INTEGER} and p.delflag =false order by ap.create_time desc;
  </select>
  
  <select id="findLastestSuccess"  parameterType="java.lang.Integer" resultMap="BaseResultMap">
  	select <include refid="Base_Column_List" />  from  appointment_t diag 
  		where  diag.state=1 and diag.d_id=#{doctorId,jdbcType=INTEGER} order by create_time desc limit 1;
  </select>
  
  <!--  
  <select id="findLastestSuccessByPatientId" parameterType="java.lang.Integer" resultMap="BaseResultMap">
  	select <include refid="Base_Column_List" />  from appointment_t diag 
  		where  diag.state>=1 and diag.p_id=#{patientId,jdbcType=INTEGER} order by create_time desc limit 1;
  </select>
	-->
<select id="findLastestSuccessByPatientId" parameterType="java.lang.Integer" resultMap="BaseResultMap">
  	select 
  		  app.id as id,
  		  app.p_id as p_id,
  		  app.d_id as d_id,
  		  app.tel as tel,
  		  app.info as info,
		  app.appoint_date as appoint_date,
		  app.appoint_time_start as appoint_time_start,
		  app.appoint_time_end as appoint_time_end,
		  app.state as state,
		  app.refuse_reason as refuse_reason,
		  app.create_time
		  p.p_name as p_name,
		  p.p_sex as p_sex,
		  p.birthday as p_birthday,
		  p.p_picture as p_picture
		  from appointment_t app 
		  inner join patient_t p on app.p_id=p.p_id
		  where  app.state=1 and app.p_id=#{patientId,jdbcType=INTEGER} order by create_time desc limit 1;
  </select>

  <select id="findLastestSuccessByMemberIdAndDoctorId" parameterType="java.lang.Integer" resultMap="BaseResultMap">
  		select <include refid="Base_Column_List" /> from appointment_t diag 
  		where  diag.state=1 and diag.p_id=(select p_id from patient_t
  		 where member_id=#{memberId,jdbcType=INTEGER} and d_id=#{doctorId,jdbcType=INTEGER} ) 
  		 order by create_time desc limit 1;
  </select>
  
  <select id="findViewByMemberId" parameterType="java.lang.Integer" resultMap="AppointmentView">
  	select 
  		  app.id as id,
  		  app.p_id as p_id,
  		  app.d_id as d_id,
  		  app.tel as tel,
  		  app.info as info,
		  app.appoint_date as appoint_date,
		  app.appoint_time_start as appoint_time_start,
		  app.appoint_time_end as appoint_time_end,
		  app.state as state,
		  app.refuse_reason as refuse_reason,
		  app.create_time,
		  doc.name as doctor_name,
		  doc.photo as doctor_photo,
		 dep.name as department_name,
		 hos.name as hospital_name,
		 mdt.name as doctor_type_name
		from appointment_t app 
		inner join  doctor_t doc on app.d_id=doc.id
		inner join department_t dep on dep.id=doc.department_id
		inner join hospital_t hos on hos.id = doc.hospital_id
		inner join meta_doctor_type_t mdt on mdt.id = doc.doctor_type_id
		  where app.p_id in (select p_id from patient_t where member_id=#{memberId,jdbcType=INTEGER}) and app.delflag=false;
  </select>
  
  <select id="findViewByDoctorId" parameterType="java.lang.Integer" resultMap="AppointmentView">
  		select 
  		  app.id as id,
  		  app.p_id as p_id,
  		  app.d_id as d_id,
  		  app.tel as tel,
  		  app.info as info,
		  app.appoint_date as appoint_date,
		  app.appoint_time_start as appoint_time_start,
		  app.appoint_time_end as appoint_time_end,
		  app.state as state,
		  app.refuse_reason as refuse_reason,
		  app.embark_direction,
		  app.create_time,
		  doc.name as doctor_name,
		  doc.photo as doctor_photo,
		 dep.name as department_name,
		 hos.name as hospital_name,
		 mdt.name as doctor_type_name
		from appointment_t app 
		inner join  doctor_t doc on app.d_id=doc.id
		inner join department_t dep on dep.id=doc.department_id
		inner join hospital_t hos on hos.id = doc.hospital_id
		inner join meta_doctor_type_t mdt on mdt.id = doc.doctor_type_id
   		 where app.d_id =#{doctorId,jdbcType=INTEGER} and app.delflag=false;
  </select>
  
  <resultMap id="AppointmentView" type="zdfs.model.AppointmentTView">
    <id column="id" jdbcType="BIGINT" property="id" />
    <result column="p_id" jdbcType="INTEGER" property="p_id" />
    <result column="d_id" jdbcType="INTEGER" property="d_id" />
    <result column="tel" jdbcType="VARCHAR" property="tel" />
    <result column="info" jdbcType="VARCHAR" property="info" />
    <result column="appoint_date" jdbcType="DATE" property="appoint_date" />
    <result column="appoint_time_start" jdbcType="TIME" property="appoint_time_start" />
    <result column="appoint_time_end" jdbcType="TIME" property="appoint_time_end" />
    <result column="state" jdbcType="INTEGER" property="state" />
    <result column="refuse_reason" jdbcType="INTEGER" property="refuse_reason" />
    <result column="create_time" jdbcType="TIMESTAMP" property="create_time" />
    <result column="delflag" jdbcType="BIT" property="delflag" />
    <result column="embark_direction" jdbcType="BIT" property="embark_direction" />
  </resultMap>
  
</mapper>