<?xml version="1.0" encoding="UTF-8"?>
<!DOCTYPE mapper PUBLIC "-//mybatis.org//DTD Mapper 3.0//EN" "http://mybatis.org/dtd/mybatis-3-mapper.dtd">
<mapper namespace="zdfs.dao.DiagnoseTMapper">
  <resultMap id="BaseResultMap" type="zdfs.model.DiagnoseT">
    <!--
      WARNING - @mbg.generated
      This element is automatically generated by MyBatis Generator, do not modify.
      This element was generated on Mon Jul 31 01:53:36 CST 2017.
    -->
    <id column="id" jdbcType="BIGINT" property="id" />
    <result column="p_id" jdbcType="INTEGER" property="p_id" />
    <result column="tel" jdbcType="VARCHAR" property="tel" />
    <result column="info" jdbcType="VARCHAR" property="info" />
    <result column="create_time" jdbcType="TIMESTAMP" property="create_time" />
    <result column="delflag" jdbcType="BIT" property="delflag" />
    <result column="d_id" jdbcType="INTEGER" property="d_id" />
    <result column="v_id" jdbcType="INTEGER" property="v_id" />
  </resultMap>
  

  <sql id="Example_Where_Clause">
    <!--
      WARNING - @mbg.generated
      This element is automatically generated by MyBatis Generator, do not modify.
      This element was generated on Mon Jul 31 01:53:36 CST 2017.
    -->
    <where>
      <foreach collection="oredCriteria" item="criteria" separator="or">
        <if test="criteria.valid">
          <trim prefix="(" prefixOverrides="and" suffix=")">
            <foreach collection="criteria.criteria" item="criterion">
              <choose>
                <when test="criterion.noValue">
                  and ${criterion.condition}
                </when>
                <when test="criterion.singleValue">
                  and ${criterion.condition} #{criterion.value}
                </when>
                <when test="criterion.betweenValue">
                  and ${criterion.condition} #{criterion.value} and #{criterion.secondValue}
                </when>
                <when test="criterion.listValue">
                  and ${criterion.condition}
                  <foreach close=")" collection="criterion.value" item="listItem" open="(" separator=",">
                    #{listItem}
                  </foreach>
                </when>
              </choose>
            </foreach>
          </trim>
        </if>
      </foreach>
    </where>
  </sql>
  <sql id="Update_By_Example_Where_Clause">
    <!--
      WARNING - @mbg.generated
      This element is automatically generated by MyBatis Generator, do not modify.
      This element was generated on Mon Jul 31 01:53:36 CST 2017.
    -->
    <where>
      <foreach collection="example.oredCriteria" item="criteria" separator="or">
        <if test="criteria.valid">
          <trim prefix="(" prefixOverrides="and" suffix=")">
            <foreach collection="criteria.criteria" item="criterion">
              <choose>
                <when test="criterion.noValue">
                  and ${criterion.condition}
                </when>
                <when test="criterion.singleValue">
                  and ${criterion.condition} #{criterion.value}
                </when>
                <when test="criterion.betweenValue">
                  and ${criterion.condition} #{criterion.value} and #{criterion.secondValue}
                </when>
                <when test="criterion.listValue">
                  and ${criterion.condition}
                  <foreach close=")" collection="criterion.value" item="listItem" open="(" separator=",">
                    #{listItem}
                  </foreach>
                </when>
              </choose>
            </foreach>
          </trim>
        </if>
      </foreach>
    </where>
  </sql>
  <sql id="Base_Column_List">
    <!--
      WARNING - @mbg.generated
      This element is automatically generated by MyBatis Generator, do not modify.
      This element was generated on Mon Jul 31 01:53:36 CST 2017.
    -->
    id, p_id, tel, info, create_time, delflag, d_id, v_id
  </sql>
  <select id="selectByExample" parameterType="zdfs.model.DiagnoseTExample" resultMap="BaseResultMap">
    <!--
      WARNING - @mbg.generated
      This element is automatically generated by MyBatis Generator, do not modify.
      This element was generated on Mon Jul 31 01:53:36 CST 2017.
    -->
    select
    <if test="distinct">
      distinct
    </if>
    <include refid="Base_Column_List" />
    from diagnose_t
    <if test="_parameter != null">
      <include refid="Example_Where_Clause" />
    </if>
    <if test="orderByClause != null">
      order by ${orderByClause}
    </if>
  </select>
  <select id="selectByPrimaryKey" parameterType="java.lang.Long" resultMap="BaseResultMap">
    <!--
      WARNING - @mbg.generated
      This element is automatically generated by MyBatis Generator, do not modify.
      This element was generated on Mon Jul 31 01:53:36 CST 2017.
    -->
    select 
    <include refid="Base_Column_List" />
    from diagnose_t
    where id = #{id,jdbcType=BIGINT}
  </select>
  <delete id="deleteByPrimaryKey" parameterType="java.lang.Long">
    <!--
      WARNING - @mbg.generated
      This element is automatically generated by MyBatis Generator, do not modify.
      This element was generated on Mon Jul 31 01:53:36 CST 2017.
    -->
    delete from diagnose_t
    where id = #{id,jdbcType=BIGINT}
  </delete>
  <delete id="deleteByExample" parameterType="zdfs.model.DiagnoseTExample">
    <!--
      WARNING - @mbg.generated
      This element is automatically generated by MyBatis Generator, do not modify.
      This element was generated on Mon Jul 31 01:53:36 CST 2017.
    -->
    delete from diagnose_t
    <if test="_parameter != null">
      <include refid="Example_Where_Clause" />
    </if>
  </delete>
  <insert id="insert" parameterType="zdfs.model.DiagnoseT"  useGeneratedKeys="true" keyProperty="id">
    <!--
      WARNING - @mbg.generated
      This element is automatically generated by MyBatis Generator, do not modify.
      This element was generated on Mon Jul 31 01:53:36 CST 2017.
    -->
    insert into diagnose_t ( p_id, tel, 
      info, create_time, delflag, 
      d_id, v_id)
    values (#{p_id,jdbcType=INTEGER}, #{tel,jdbcType=VARCHAR}, 
      #{info,jdbcType=VARCHAR}, #{create_time,jdbcType=TIMESTAMP}, #{delflag,jdbcType=BIT}, 
      #{d_id,jdbcType=INTEGER}, #{v_id,jdbcType=INTEGER})
  </insert>
  <insert id="insertSelective" parameterType="zdfs.model.DiagnoseT">
    <!--
      WARNING - @mbg.generated
      This element is automatically generated by MyBatis Generator, do not modify.
      This element was generated on Mon Jul 31 01:53:36 CST 2017.
    -->
    <selectKey keyProperty="id" order="BEFORE" resultType="java.lang.Long">
      SELECT LAST_INSERT_ID()
    </selectKey>
    insert into diagnose_t
    <trim prefix="(" suffix=")" suffixOverrides=",">
      id,
      <if test="p_id != null">
        p_id,
      </if>
      <if test="tel != null">
        tel,
      </if>
      <if test="info != null">
        info,
      </if>
      <if test="create_time != null">
        create_time,
      </if>
      <if test="delflag != null">
        delflag,
      </if>
      <if test="d_id != null">
        d_id,
      </if>
      <if test="v_id != null">
        v_id,
      </if>
    </trim>
    <trim prefix="values (" suffix=")" suffixOverrides=",">
      #{id,jdbcType=BIGINT},
      <if test="p_id != null">
        #{p_id,jdbcType=INTEGER},
      </if>
      <if test="tel != null">
        #{tel,jdbcType=VARCHAR},
      </if>
      <if test="info != null">
        #{info,jdbcType=VARCHAR},
      </if>
      <if test="create_time != null">
        #{create_time,jdbcType=TIMESTAMP},
      </if>
      <if test="delflag != null">
        #{delflag,jdbcType=BIT},
      </if>
      <if test="d_id != null">
        #{d_id,jdbcType=INTEGER},
      </if>
      <if test="v_id != null">
        #{v_id,jdbcType=INTEGER},
      </if>
    </trim>
  </insert>
  <select id="countByExample" parameterType="zdfs.model.DiagnoseTExample" resultType="java.lang.Long">
    <!--
      WARNING - @mbg.generated
      This element is automatically generated by MyBatis Generator, do not modify.
      This element was generated on Mon Jul 31 01:53:36 CST 2017.
    -->
    select count(*) from diagnose_t
    <if test="_parameter != null">
      <include refid="Example_Where_Clause" />
    </if>
  </select>
  <update id="updateByExampleSelective" parameterType="map">
    <!--
      WARNING - @mbg.generated
      This element is automatically generated by MyBatis Generator, do not modify.
      This element was generated on Mon Jul 31 01:53:36 CST 2017.
    -->
    update diagnose_t
    <set>
      <if test="record.id != null">
        id = #{record.id,jdbcType=BIGINT},
      </if>
      <if test="record.p_id != null">
        p_id = #{record.p_id,jdbcType=INTEGER},
      </if>
      <if test="record.tel != null">
        tel = #{record.tel,jdbcType=VARCHAR},
      </if>
      <if test="record.info != null">
        info = #{record.info,jdbcType=VARCHAR},
      </if>
      <if test="record.create_time != null">
        create_time = #{record.create_time,jdbcType=TIMESTAMP},
      </if>
      <if test="record.delflag != null">
        delflag = #{record.delflag,jdbcType=BIT},
      </if>
      <if test="record.d_id != null">
        d_id = #{record.d_id,jdbcType=INTEGER},
      </if>
      <if test="record.v_id != null">
        v_id = #{record.v_id,jdbcType=INTEGER},
      </if>
    </set>
    <if test="_parameter != null">
      <include refid="Update_By_Example_Where_Clause" />
    </if>
  </update>
  <update id="updateByExample" parameterType="map">
    <!--
      WARNING - @mbg.generated
      This element is automatically generated by MyBatis Generator, do not modify.
      This element was generated on Mon Jul 31 01:53:36 CST 2017.
    -->
    update diagnose_t
    set id = #{record.id,jdbcType=BIGINT},
      p_id = #{record.p_id,jdbcType=INTEGER},
      tel = #{record.tel,jdbcType=VARCHAR},
      info = #{record.info,jdbcType=VARCHAR},
      create_time = #{record.create_time,jdbcType=TIMESTAMP},
      delflag = #{record.delflag,jdbcType=BIT},
      d_id = #{record.d_id,jdbcType=INTEGER},
      v_id = #{record.v_id,jdbcType=INTEGER}
    <if test="_parameter != null">
      <include refid="Update_By_Example_Where_Clause" />
    </if>
  </update>
  <update id="updateByPrimaryKeySelective" parameterType="zdfs.model.DiagnoseT">
    <!--
      WARNING - @mbg.generated
      This element is automatically generated by MyBatis Generator, do not modify.
      This element was generated on Mon Jul 31 01:53:36 CST 2017.
    -->
    update diagnose_t
    <set>
      <if test="p_id != null">
        p_id = #{p_id,jdbcType=INTEGER},
      </if>
      <if test="tel != null">
        tel = #{tel,jdbcType=VARCHAR},
      </if>
      <if test="info != null">
        info = #{info,jdbcType=VARCHAR},
      </if>
      <if test="create_time != null">
        create_time = #{create_time,jdbcType=TIMESTAMP},
      </if>
      <if test="delflag != null">
        delflag = #{delflag,jdbcType=BIT},
      </if>
      <if test="d_id != null">
        d_id = #{d_id,jdbcType=INTEGER},
      </if>
      <if test="v_id != null">
        v_id = #{v_id,jdbcType=INTEGER},
      </if>
    </set>
    where id = #{id,jdbcType=BIGINT}
  </update>
  <update id="updateByPrimaryKey" parameterType="zdfs.model.DiagnoseT">
    <!--
      WARNING - @mbg.generated
      This element is automatically generated by MyBatis Generator, do not modify.
      This element was generated on Mon Jul 31 01:53:36 CST 2017.
    -->
    update diagnose_t
    set p_id = #{p_id,jdbcType=INTEGER},
      tel = #{tel,jdbcType=VARCHAR},
      info = #{info,jdbcType=VARCHAR},
      create_time = #{create_time,jdbcType=TIMESTAMP},
      delflag = #{delflag,jdbcType=BIT},
      d_id = #{d_id,jdbcType=INTEGER},
      v_id = #{v_id,jdbcType=INTEGER}
    where id = #{id,jdbcType=BIGINT}
  </update>

  
  <resultMap id="DiagnoseView" type="zdfs.model.DiagnoseTView">
	   <id column="id" jdbcType="BIGINT" property="id" />
	    <result column="photo" jdbcType="VARCHAR" property="photo" />
	    <result column="name" jdbcType="VARCHAR" property="name" />
	    <result column="info" jdbcType="VARCHAR" property="info" />
	    <result column="department_name" jdbcType="VARCHAR" property="department_name" />
	    <result column="doctor_type_name" jdbcType="VARCHAR" property="doctor_type_name"/>
	    <result column="create_time" jdbcType="TIMESTAMP" property="create_time" />
	    <result column="score" jdbcType="VARCHAR" property="score" />
  </resultMap>
   
	<select id="findViewByMemberId" resultMap="DiagnoseView">
		select
			diag.id ,
			d.photo,
			d.name,
			diag.info,
			dep.name as department_name,
			mdt.name as doctor_type_name,
			diag.create_time,
			diag.v_id,
			v.score
		 from diagnose_t diag
		 inner join doctor_t d on d.id=diag.d_id
		 inner join department_t dep on dep.id=d.department_id
		 inner join meta_doctor_type_t mdt on mdt.id=d.doctor_type_id
		 inner join video_t v on v.id=diag.v_id
		  where diag.p_id in (select p_id from patient_t where member_id=#{memberId,jdbcType=INTEGER})
	</select>
	
	<select id="findViewByMemberIdAndVideoId"  resultMap="DiagnoseView">
		select
			diag.id ,
			d.photo,
			d.name,
			diag.info,
			dep.name as department_name,
			mdt.name as doctor_type_name,
			diag.create_time,
			diag.v_id,
			v.score
		 from diagnose_t diag
		 inner join doctor_t d on d.id=diag.d_id
		 inner join department_t dep on dep.id=d.department_id
		 inner join meta_doctor_type_t mdt on mdt.id=d.doctor_type_id
		 inner join video_t v on v.id=diag.v_id
		  where diag.p_id in (select p_id from patient_t where member_id=#{memberId,jdbcType=INTEGER})
		  and diag.v_id=#{videoId,jdbcType=INTEGER}
	</select>
	

</mapper>