<?xml version="1.0" encoding="UTF-8"?>
<!DOCTYPE mapper PUBLIC "-//mybatis.org//DTD Mapper 3.0//EN" "http://mybatis.org/dtd/mybatis-3-mapper.dtd">
<mapper namespace="zdfs.dao.DoctorTMapper">
  <resultMap id="BaseResultMap" type="zdfs.model.DoctorT">
    <!--
      WARNING - @mbg.generated
      This element is automatically generated by MyBatis Generator, do not modify.
      This element was generated on Thu Aug 03 15:54:07 CST 2017.
    -->
    <id column="id" jdbcType="INTEGER" property="id" />
    <result column="name" jdbcType="VARCHAR" property="name" />
    <result column="pwd" jdbcType="VARCHAR" property="pwd" />
    <result column="mail" jdbcType="VARCHAR" property="mail" />
    <result column="tel" jdbcType="VARCHAR" property="tel" />
    <result column="photo" jdbcType="VARCHAR" property="photo" />
    <result column="birthday" jdbcType="DATE" property="birthday" />
    <result column="hospital_id" jdbcType="INTEGER" property="hospital_id" />
    <result column="department_id" jdbcType="INTEGER" property="department_id" />
    <result column="doctor_type_id" jdbcType="INTEGER" property="doctor_type_id" />
    <result column="good_at" jdbcType="VARCHAR" property="good_at" />
    <result column="online_state" jdbcType="BIT" property="online_state" />
    <result column="has_video" jdbcType="BIT" property="has_video" />
    <result column="create_time" jdbcType="TIMESTAMP" property="create_time" />
    <result column="delflag" jdbcType="BIT" property="delflag" />
    <result column="aver_score" jdbcType="VARCHAR" property="aver_score" />
    <result column="serve_count" jdbcType="INTEGER" property="serve_count" />
  </resultMap>
  <sql id="Example_Where_Clause">
    <!--
      WARNING - @mbg.generated
      This element is automatically generated by MyBatis Generator, do not modify.
      This element was generated on Thu Aug 03 15:54:07 CST 2017.
    -->
    <where>
      <foreach collection="oredCriteria" item="criteria" separator="or">
        <if test="criteria.valid">
          <trim prefix="(" prefixOverrides="and" suffix=")">
            <foreach collection="criteria.criteria" item="criterion">
              <choose>
                <when test="criterion.noValue">
                  and ${criterion.condition}
                </when>
                <when test="criterion.singleValue">
                  and ${criterion.condition} #{criterion.value}
                </when>
                <when test="criterion.betweenValue">
                  and ${criterion.condition} #{criterion.value} and #{criterion.secondValue}
                </when>
                <when test="criterion.listValue">
                  and ${criterion.condition}
                  <foreach close=")" collection="criterion.value" item="listItem" open="(" separator=",">
                    #{listItem}
                  </foreach>
                </when>
              </choose>
            </foreach>
          </trim>
        </if>
      </foreach>
    </where>
  </sql>
  <sql id="Update_By_Example_Where_Clause">
    <!--
      WARNING - @mbg.generated
      This element is automatically generated by MyBatis Generator, do not modify.
      This element was generated on Thu Aug 03 15:54:07 CST 2017.
    -->
    <where>
      <foreach collection="example.oredCriteria" item="criteria" separator="or">
        <if test="criteria.valid">
          <trim prefix="(" prefixOverrides="and" suffix=")">
            <foreach collection="criteria.criteria" item="criterion">
              <choose>
                <when test="criterion.noValue">
                  and ${criterion.condition}
                </when>
                <when test="criterion.singleValue">
                  and ${criterion.condition} #{criterion.value}
                </when>
                <when test="criterion.betweenValue">
                  and ${criterion.condition} #{criterion.value} and #{criterion.secondValue}
                </when>
                <when test="criterion.listValue">
                  and ${criterion.condition}
                  <foreach close=")" collection="criterion.value" item="listItem" open="(" separator=",">
                    #{listItem}
                  </foreach>
                </when>
              </choose>
            </foreach>
          </trim>
        </if>
      </foreach>
    </where>
  </sql>
  <sql id="Base_Column_List">
    <!--
      WARNING - @mbg.generated
      This element is automatically generated by MyBatis Generator, do not modify.
      This element was generated on Thu Aug 03 15:54:07 CST 2017.
    -->
    id, name, pwd, mail, tel, photo, birthday, hospital_id, department_id, doctor_type_id, 
    good_at, online_state, has_video, create_time, delflag, aver_score, serve_count
  </sql>
  <select id="selectByExample" parameterType="zdfs.model.DoctorTExample" resultMap="BaseResultMap">
    <!--
      WARNING - @mbg.generated
      This element is automatically generated by MyBatis Generator, do not modify.
      This element was generated on Thu Aug 03 15:54:07 CST 2017.
    -->
    select
    <if test="distinct">
      distinct
    </if>
    <include refid="Base_Column_List" />
    from doctor_t
    <if test="_parameter != null">
      <include refid="Example_Where_Clause" />
    </if>
    <if test="orderByClause != null">
      order by ${orderByClause}
    </if>
  </select>
  <select id="selectByPrimaryKey" parameterType="java.lang.Integer" resultMap="BaseResultMap">
    <!--
      WARNING - @mbg.generated
      This element is automatically generated by MyBatis Generator, do not modify.
      This element was generated on Thu Aug 03 15:54:07 CST 2017.
    -->
    select 
    <include refid="Base_Column_List" />
    from doctor_t
    where id = #{id,jdbcType=INTEGER}
  </select>
  <delete id="deleteByPrimaryKey" parameterType="java.lang.Integer">
    <!--
      WARNING - @mbg.generated
      This element is automatically generated by MyBatis Generator, do not modify.
      This element was generated on Thu Aug 03 15:54:07 CST 2017.
    -->
    delete from doctor_t
    where id = #{id,jdbcType=INTEGER}
  </delete>
  <delete id="deleteByExample" parameterType="zdfs.model.DoctorTExample">
    <!--
      WARNING - @mbg.generated
      This element is automatically generated by MyBatis Generator, do not modify.
      This element was generated on Thu Aug 03 15:54:07 CST 2017.
    -->
    delete from doctor_t
    <if test="_parameter != null">
      <include refid="Example_Where_Clause" />
    </if>
  </delete>
  <insert id="insert" parameterType="zdfs.model.DoctorT">
    <!--
      WARNING - @mbg.generated
      This element is automatically generated by MyBatis Generator, do not modify.
      This element was generated on Thu Aug 03 15:54:07 CST 2017.
    -->
    <selectKey keyProperty="id" order="BEFORE" resultType="java.lang.Integer">
      SELECT LAST_INSERT_ID()
    </selectKey>
    insert into doctor_t (id, name, pwd, 
      mail, tel, photo, birthday, 
      hospital_id, department_id, doctor_type_id, 
      good_at, online_state, has_video, 
      create_time, delflag, aver_score, 
      serve_count)
    values (#{id,jdbcType=INTEGER}, #{name,jdbcType=VARCHAR}, #{pwd,jdbcType=VARCHAR}, 
      #{mail,jdbcType=VARCHAR}, #{tel,jdbcType=VARCHAR}, #{photo,jdbcType=VARCHAR}, #{birthday,jdbcType=DATE}, 
      #{hospital_id,jdbcType=INTEGER}, #{department_id,jdbcType=INTEGER}, #{doctor_type_id,jdbcType=INTEGER}, 
      #{good_at,jdbcType=VARCHAR}, #{online_state,jdbcType=BIT}, #{has_video,jdbcType=BIT}, 
      #{create_time,jdbcType=TIMESTAMP}, #{delflag,jdbcType=BIT}, #{aver_score,jdbcType=VARCHAR}, 
      #{serve_count,jdbcType=INTEGER})
  </insert>
  <insert id="insertSelective" parameterType="zdfs.model.DoctorT">
    <!--
      WARNING - @mbg.generated
      This element is automatically generated by MyBatis Generator, do not modify.
      This element was generated on Thu Aug 03 15:54:07 CST 2017.
    -->
    <selectKey keyProperty="id" order="BEFORE" resultType="java.lang.Integer">
      SELECT LAST_INSERT_ID()
    </selectKey>
    insert into doctor_t
    <trim prefix="(" suffix=")" suffixOverrides=",">
      id,
      <if test="name != null">
        name,
      </if>
      <if test="pwd != null">
        pwd,
      </if>
      <if test="mail != null">
        mail,
      </if>
      <if test="tel != null">
        tel,
      </if>
      <if test="photo != null">
        photo,
      </if>
      <if test="birthday != null">
        birthday,
      </if>
      <if test="hospital_id != null">
        hospital_id,
      </if>
      <if test="department_id != null">
        department_id,
      </if>
      <if test="doctor_type_id != null">
        doctor_type_id,
      </if>
      <if test="good_at != null">
        good_at,
      </if>
      <if test="online_state != null">
        online_state,
      </if>
      <if test="has_video != null">
        has_video,
      </if>
      <if test="create_time != null">
        create_time,
      </if>
      <if test="delflag != null">
        delflag,
      </if>
      <if test="aver_score != null">
        aver_score,
      </if>
      <if test="serve_count != null">
        serve_count,
      </if>
    </trim>
    <trim prefix="values (" suffix=")" suffixOverrides=",">
      #{id,jdbcType=INTEGER},
      <if test="name != null">
        #{name,jdbcType=VARCHAR},
      </if>
      <if test="pwd != null">
        #{pwd,jdbcType=VARCHAR},
      </if>
      <if test="mail != null">
        #{mail,jdbcType=VARCHAR},
      </if>
      <if test="tel != null">
        #{tel,jdbcType=VARCHAR},
      </if>
      <if test="photo != null">
        #{photo,jdbcType=VARCHAR},
      </if>
      <if test="birthday != null">
        #{birthday,jdbcType=DATE},
      </if>
      <if test="hospital_id != null">
        #{hospital_id,jdbcType=INTEGER},
      </if>
      <if test="department_id != null">
        #{department_id,jdbcType=INTEGER},
      </if>
      <if test="doctor_type_id != null">
        #{doctor_type_id,jdbcType=INTEGER},
      </if>
      <if test="good_at != null">
        #{good_at,jdbcType=VARCHAR},
      </if>
      <if test="online_state != null">
        #{online_state,jdbcType=BIT},
      </if>
      <if test="has_video != null">
        #{has_video,jdbcType=BIT},
      </if>
      <if test="create_time != null">
        #{create_time,jdbcType=TIMESTAMP},
      </if>
      <if test="delflag != null">
        #{delflag,jdbcType=BIT},
      </if>
      <if test="aver_score != null">
        #{aver_score,jdbcType=VARCHAR},
      </if>
      <if test="serve_count != null">
        #{serve_count,jdbcType=INTEGER},
      </if>
    </trim>
  </insert>
  <select id="countByExample" parameterType="zdfs.model.DoctorTExample" resultType="java.lang.Long">
    <!--
      WARNING - @mbg.generated
      This element is automatically generated by MyBatis Generator, do not modify.
      This element was generated on Thu Aug 03 15:54:07 CST 2017.
    -->
    select count(*) from doctor_t
    <if test="_parameter != null">
      <include refid="Example_Where_Clause" />
    </if>
  </select>
  <update id="updateByExampleSelective" parameterType="map">
    <!--
      WARNING - @mbg.generated
      This element is automatically generated by MyBatis Generator, do not modify.
      This element was generated on Thu Aug 03 15:54:07 CST 2017.
    -->
    update doctor_t
    <set>
      <if test="record.id != null">
        id = #{record.id,jdbcType=INTEGER},
      </if>
      <if test="record.name != null">
        name = #{record.name,jdbcType=VARCHAR},
      </if>
      <if test="record.pwd != null">
        pwd = #{record.pwd,jdbcType=VARCHAR},
      </if>
      <if test="record.mail != null">
        mail = #{record.mail,jdbcType=VARCHAR},
      </if>
      <if test="record.tel != null">
        tel = #{record.tel,jdbcType=VARCHAR},
      </if>
      <if test="record.photo != null">
        photo = #{record.photo,jdbcType=VARCHAR},
      </if>
      <if test="record.birthday != null">
        birthday = #{record.birthday,jdbcType=DATE},
      </if>
      <if test="record.hospital_id != null">
        hospital_id = #{record.hospital_id,jdbcType=INTEGER},
      </if>
      <if test="record.department_id != null">
        department_id = #{record.department_id,jdbcType=INTEGER},
      </if>
      <if test="record.doctor_type_id != null">
        doctor_type_id = #{record.doctor_type_id,jdbcType=INTEGER},
      </if>
      <if test="record.good_at != null">
        good_at = #{record.good_at,jdbcType=VARCHAR},
      </if>
      <if test="record.online_state != null">
        online_state = #{record.online_state,jdbcType=BIT},
      </if>
      <if test="record.has_video != null">
        has_video = #{record.has_video,jdbcType=BIT},
      </if>
      <if test="record.create_time != null">
        create_time = #{record.create_time,jdbcType=TIMESTAMP},
      </if>
      <if test="record.delflag != null">
        delflag = #{record.delflag,jdbcType=BIT},
      </if>
      <if test="record.aver_score != null">
        aver_score = #{record.aver_score,jdbcType=VARCHAR},
      </if>
      <if test="record.serve_count != null">
        serve_count = #{record.serve_count,jdbcType=INTEGER},
      </if>
    </set>
    <if test="_parameter != null">
      <include refid="Update_By_Example_Where_Clause" />
    </if>
  </update>
  <update id="updateByExample" parameterType="map">
    <!--
      WARNING - @mbg.generated
      This element is automatically generated by MyBatis Generator, do not modify.
      This element was generated on Thu Aug 03 15:54:07 CST 2017.
    -->
    update doctor_t
    set id = #{record.id,jdbcType=INTEGER},
      name = #{record.name,jdbcType=VARCHAR},
      pwd = #{record.pwd,jdbcType=VARCHAR},
      mail = #{record.mail,jdbcType=VARCHAR},
      tel = #{record.tel,jdbcType=VARCHAR},
      photo = #{record.photo,jdbcType=VARCHAR},
      birthday = #{record.birthday,jdbcType=DATE},
      hospital_id = #{record.hospital_id,jdbcType=INTEGER},
      department_id = #{record.department_id,jdbcType=INTEGER},
      doctor_type_id = #{record.doctor_type_id,jdbcType=INTEGER},
      good_at = #{record.good_at,jdbcType=VARCHAR},
      online_state = #{record.online_state,jdbcType=BIT},
      has_video = #{record.has_video,jdbcType=BIT},
      create_time = #{record.create_time,jdbcType=TIMESTAMP},
      delflag = #{record.delflag,jdbcType=BIT},
      aver_score = #{record.aver_score,jdbcType=VARCHAR},
      serve_count = #{record.serve_count,jdbcType=INTEGER}
    <if test="_parameter != null">
      <include refid="Update_By_Example_Where_Clause" />
    </if>
  </update>
  <update id="updateByPrimaryKeySelective" parameterType="zdfs.model.DoctorT">
    <!--
      WARNING - @mbg.generated
      This element is automatically generated by MyBatis Generator, do not modify.
      This element was generated on Thu Aug 03 15:54:07 CST 2017.
    -->
    update doctor_t
    <set>
      <if test="name != null">
        name = #{name,jdbcType=VARCHAR},
      </if>
      <if test="pwd != null">
        pwd = #{pwd,jdbcType=VARCHAR},
      </if>
      <if test="mail != null">
        mail = #{mail,jdbcType=VARCHAR},
      </if>
      <if test="tel != null">
        tel = #{tel,jdbcType=VARCHAR},
      </if>
      <if test="photo != null">
        photo = #{photo,jdbcType=VARCHAR},
      </if>
      <if test="birthday != null">
        birthday = #{birthday,jdbcType=DATE},
      </if>
      <if test="hospital_id != null">
        hospital_id = #{hospital_id,jdbcType=INTEGER},
      </if>
      <if test="department_id != null">
        department_id = #{department_id,jdbcType=INTEGER},
      </if>
      <if test="doctor_type_id != null">
        doctor_type_id = #{doctor_type_id,jdbcType=INTEGER},
      </if>
      <if test="good_at != null">
        good_at = #{good_at,jdbcType=VARCHAR},
      </if>
      <if test="online_state != null">
        online_state = #{online_state,jdbcType=BIT},
      </if>
      <if test="has_video != null">
        has_video = #{has_video,jdbcType=BIT},
      </if>
      <if test="create_time != null">
        create_time = #{create_time,jdbcType=TIMESTAMP},
      </if>
      <if test="delflag != null">
        delflag = #{delflag,jdbcType=BIT},
      </if>
      <if test="aver_score != null">
        aver_score = #{aver_score,jdbcType=VARCHAR},
      </if>
      <if test="serve_count != null">
        serve_count = #{serve_count,jdbcType=INTEGER},
      </if>
    </set>
    where id = #{id,jdbcType=INTEGER}
  </update>
  <update id="updateByPrimaryKey" parameterType="zdfs.model.DoctorT">
    <!--
      WARNING - @mbg.generated
      This element is automatically generated by MyBatis Generator, do not modify.
      This element was generated on Thu Aug 03 15:54:07 CST 2017.
    -->
    update doctor_t
    set name = #{name,jdbcType=VARCHAR},
      pwd = #{pwd,jdbcType=VARCHAR},
      mail = #{mail,jdbcType=VARCHAR},
      tel = #{tel,jdbcType=VARCHAR},
      photo = #{photo,jdbcType=VARCHAR},
      birthday = #{birthday,jdbcType=DATE},
      hospital_id = #{hospital_id,jdbcType=INTEGER},
      department_id = #{department_id,jdbcType=INTEGER},
      doctor_type_id = #{doctor_type_id,jdbcType=INTEGER},
      good_at = #{good_at,jdbcType=VARCHAR},
      online_state = #{online_state,jdbcType=BIT},
      has_video = #{has_video,jdbcType=BIT},
      create_time = #{create_time,jdbcType=TIMESTAMP},
      delflag = #{delflag,jdbcType=BIT},
      aver_score = #{aver_score,jdbcType=VARCHAR},
      serve_count = #{serve_count,jdbcType=INTEGER}
    where id = #{id,jdbcType=INTEGER}
  </update>
  
	<select id="findByHospitalId" parameterType="java.lang.Integer" resultMap="DoctorView">
		select d.id
		,d.name
		,d.mail
		,d.tel
		,d.photo
		,d.birthday
		,d.hospital_id
		,d.department_id
		,d.doctor_type_id
		,d.good_at
		,d.online_state
		,d.aver_score
		,d.serve_count
		,h.name as hospital_name
		,dep.name as department_name
		,mdt.name as doctor_type_name
		from doctor_t d 
		  inner join hospital_t h ON h.id = d.hospital_id
		  inner join department_t dep on dep.id = d.department_id
		  inner join meta_doctor_type_t mdt on mdt.id = d.doctor_type_id
		where d.hospital_id=#{hospital_id,jdbcType=INTEGER};
	</select>
	
	<select id="findByHospitalIdAndDepartmentId" parameterType="java.lang.Integer" resultMap="DoctorView">
		select d.id
		,d.name
		,d.mail
		,d.tel
		,d.photo
		,d.birthday
		,d.hospital_id
		,d.department_id
		,d.doctor_type_id
		,d.good_at
		,d.online_state
		,d.aver_score
		,d.serve_count
		,h.name as hospital_name
		,dep.name as department_name
		,mdt.name as doctor_type_name
		from doctor_t d 
		  inner join hospital_t h ON h.id = d.hospital_id
		  inner join department_t dep on dep.id = d.department_id
		  inner join meta_doctor_type_t mdt on mdt.id = d.doctor_type_id
		where d.hospital_id=#{hospital_id,jdbcType=INTEGER}
		  and d.department_id=#{department_id,jdbcType=INTEGER};
	</select>
	
	<select id="selectByTel" parameterType="java.lang.String" resultMap="DoctorView">
		select d.id
		,d.name
		,d.mail
		,d.tel
		,d.pwd
		,d.photo
		,d.birthday
		,d.hospital_id
		,d.department_id
		,d.doctor_type_id
		,d.good_at
		,d.online_state
		,d.aver_score
		,d.serve_count
		,h.name as hospital_name
		,dep.name as department_name
    	,mdt.name as doctor_type_name
		from doctor_t d 
		  inner join hospital_t h ON h.id = d.hospital_id
		  inner join department_t dep on dep.id = d.department_id
		  inner join meta_doctor_type_t mdt on mdt.id = d.doctor_type_id
		where d.tel=#{tel,jdbcType=VARCHAR};
	</select>
	
	<select id="findByMemberId" parameterType="java.lang.Integer" resultMap="BaseResultMap">
		select 
    	d.id, d.name,  d.mail, d.tel, d.photo, d.birthday, d.hospital_id, d.department_id, d.doctor_type_id, 
   	 	d.good_at, d.online_state, d.has_video, d.create_time, d.delflag, d.aver_score, d.serve_count
    	from doctor_t d
    	inner join patient_t p on p.d_id=d.id
    	where p.member_id=#{memberId,jdbcType=INTEGER}
	
	</select>
	
	<select id="findViewByMemberId" parameterType="java.lang.Integer" resultMap="DoctorView">
		select d.id
		,d.name
		,d.mail
		,d.tel
		,d.pwd
		,d.photo
		,d.birthday
		,d.hospital_id
		,d.department_id
		,d.doctor_type_id
		,d.good_at
		,d.online_state
		,d.aver_score
		,d.serve_count
		,h.name as hospital_name
		,dep.name as department_name
    	,mdt.name as doctor_type_name
		from doctor_t d 
		  inner join hospital_t h ON h.id = d.hospital_id
		  inner join department_t dep on dep.id = d.department_id
		  inner join meta_doctor_type_t mdt on mdt.id = d.doctor_type_id
		  inner join patient_t p on p.d_id=d.id
		where p.member_id=#{memberId,jdbcType=INTEGER};		
	</select>
	
	<select id="findViewByMemberIdOfOnline" parameterType="java.lang.Integer" resultMap="DoctorView">
		select d.id
		,d.name
		,d.mail
		,d.tel
		,d.pwd
		,d.photo
		,d.birthday
		,d.hospital_id
		,d.department_id
		,d.doctor_type_id
		,d.good_at
		,d.online_state
		,d.aver_score
		,d.serve_count
		,h.name as hospital_name
		,dep.name as department_name
    	,mdt.name as doctor_type_name
		from doctor_t d 
		  inner join hospital_t h ON h.id = d.hospital_id
		  inner join department_t dep on dep.id = d.department_id
		  inner join meta_doctor_type_t mdt on mdt.id = d.doctor_type_id
		  inner join patient_t p on p.d_id=d.id
		where p.member_id=#{memberId,jdbcType=INTEGER} and p.online_state=1;	
	</select>
	
	  <resultMap id="DoctorView" type="zdfs.model.DoctorTView">
	    <id column="id" jdbcType="INTEGER" property="id" />
	    <result column="name" jdbcType="VARCHAR" property="name" />
	    <result column="pwd" jdbcType="VARCHAR" property="pwd" />
	    <result column="mail" jdbcType="VARCHAR" property="mail" />
	    <result column="tel" jdbcType="VARCHAR" property="tel" />
	    <result column="photo" jdbcType="VARCHAR" property="photo" />
	    <result column="birthday" jdbcType="DATE" property="birthday" />
	    <result column="hospital_id" jdbcType="INTEGER" property="hospital_id" />
	    <result column="department_id" jdbcType="INTEGER" property="department_id" />
	    <result column="doctor_type_id" jdbcType="INTEGER" property="doctor_type_id" />
	    <result column="good_at" jdbcType="VARCHAR" property="good_at" />
	    <result column="online_state" jdbcType="BIT" property="online_state" />
	    <result column="has_video" jdbcType="BIT" property="has_video" />
	    <result column="create_time" jdbcType="TIMESTAMP" property="create_time" />
	    <result column="delflag" jdbcType="BIT" property="delflag" />
	    <result column="department_name" jdbcType="VARCHAR" property="department_name" />
	    <result column="hospital_name" jdbcType="VARCHAR" property="hospital_name" />
	    <result column="aver_score" jdbcType="VARCHAR" property="aver_score" />
	    <result column="serve_count" jdbcType="INTEGER" property="serve_count" />
	  </resultMap>
	  
	  

</mapper>