<?xml version="1.0" encoding="UTF-8"?>
<!DOCTYPE mapper PUBLIC "-//mybatis.org//DTD Mapper 3.0//EN" "http://mybatis.org/dtd/mybatis-3-mapper.dtd">
<mapper namespace="zdfs.dao.HospitalTMapper">
  <resultMap id="BaseResultMap" type="zdfs.model.HospitalT">
    <!--
      WARNING - @mbg.generated
      This element is automatically generated by MyBatis Generator, do not modify.
      This element was generated on Mon Jul 17 20:14:02 CST 2017.
    -->
    <id column="id" jdbcType="INTEGER" property="id" />
    <result column="code" jdbcType="VARCHAR" property="code" />
    <result column="name" jdbcType="VARCHAR" property="name" />
    <result column="address" jdbcType="VARCHAR" property="address" />
    <result column="tel" jdbcType="VARCHAR" property="tel" />
    <result column="create_time" jdbcType="TIMESTAMP" property="create_time" />
    <result column="delflag" jdbcType="BIT" property="delflag" />
  </resultMap>
  <resultMap extends="BaseResultMap" id="ResultMapWithBLOBs" type="zdfs.model.HospitalT">
    <!--
      WARNING - @mbg.generated
      This element is automatically generated by MyBatis Generator, do not modify.
      This element was generated on Mon Jul 17 20:14:02 CST 2017.
    -->
    <result column="decription" jdbcType="LONGVARCHAR" property="decription" />
  </resultMap>
  <sql id="Example_Where_Clause">
    <!--
      WARNING - @mbg.generated
      This element is automatically generated by MyBatis Generator, do not modify.
      This element was generated on Mon Jul 17 20:14:02 CST 2017.
    -->
    <where>
      <foreach collection="oredCriteria" item="criteria" separator="or">
        <if test="criteria.valid">
          <trim prefix="(" prefixOverrides="and" suffix=")">
            <foreach collection="criteria.criteria" item="criterion">
              <choose>
                <when test="criterion.noValue">
                  and ${criterion.condition}
                </when>
                <when test="criterion.singleValue">
                  and ${criterion.condition} #{criterion.value}
                </when>
                <when test="criterion.betweenValue">
                  and ${criterion.condition} #{criterion.value} and #{criterion.secondValue}
                </when>
                <when test="criterion.listValue">
                  and ${criterion.condition}
                  <foreach close=")" collection="criterion.value" item="listItem" open="(" separator=",">
                    #{listItem}
                  </foreach>
                </when>
              </choose>
            </foreach>
          </trim>
        </if>
      </foreach>
    </where>
  </sql>
  <sql id="Update_By_Example_Where_Clause">
    <!--
      WARNING - @mbg.generated
      This element is automatically generated by MyBatis Generator, do not modify.
      This element was generated on Mon Jul 17 20:14:02 CST 2017.
    -->
    <where>
      <foreach collection="example.oredCriteria" item="criteria" separator="or">
        <if test="criteria.valid">
          <trim prefix="(" prefixOverrides="and" suffix=")">
            <foreach collection="criteria.criteria" item="criterion">
              <choose>
                <when test="criterion.noValue">
                  and ${criterion.condition}
                </when>
                <when test="criterion.singleValue">
                  and ${criterion.condition} #{criterion.value}
                </when>
                <when test="criterion.betweenValue">
                  and ${criterion.condition} #{criterion.value} and #{criterion.secondValue}
                </when>
                <when test="criterion.listValue">
                  and ${criterion.condition}
                  <foreach close=")" collection="criterion.value" item="listItem" open="(" separator=",">
                    #{listItem}
                  </foreach>
                </when>
              </choose>
            </foreach>
          </trim>
        </if>
      </foreach>
    </where>
  </sql>
  <sql id="Base_Column_List">
    <!--
      WARNING - @mbg.generated
      This element is automatically generated by MyBatis Generator, do not modify.
      This element was generated on Mon Jul 17 20:14:02 CST 2017.
    -->
    id, code, name, address, tel, create_time, delflag
  </sql>
  <sql id="Blob_Column_List">
    <!--
      WARNING - @mbg.generated
      This element is automatically generated by MyBatis Generator, do not modify.
      This element was generated on Mon Jul 17 20:14:02 CST 2017.
    -->
    decription
  </sql>
  <select id="selectByExampleWithBLOBs" parameterType="zdfs.model.HospitalTExample" resultMap="ResultMapWithBLOBs">
    <!--
      WARNING - @mbg.generated
      This element is automatically generated by MyBatis Generator, do not modify.
      This element was generated on Mon Jul 17 20:14:02 CST 2017.
    -->
    select
    <if test="distinct">
      distinct
    </if>
    <include refid="Base_Column_List" />
    ,
    <include refid="Blob_Column_List" />
    from hospital_t
    <if test="_parameter != null">
      <include refid="Example_Where_Clause" />
    </if>
    <if test="orderByClause != null">
      order by ${orderByClause}
    </if>
  </select>
  <select id="selectByExample" parameterType="zdfs.model.HospitalTExample" resultMap="BaseResultMap">
    <!--
      WARNING - @mbg.generated
      This element is automatically generated by MyBatis Generator, do not modify.
      This element was generated on Mon Jul 17 20:14:02 CST 2017.
    -->
    select
    <if test="distinct">
      distinct
    </if>
    <include refid="Base_Column_List" />
    from hospital_t
    <if test="_parameter != null">
      <include refid="Example_Where_Clause" />
    </if>
    <if test="orderByClause != null">
      order by ${orderByClause}
    </if>
  </select>
  <select id="selectByPrimaryKey" parameterType="java.lang.Integer" resultMap="ResultMapWithBLOBs">
    <!--
      WARNING - @mbg.generated
      This element is automatically generated by MyBatis Generator, do not modify.
      This element was generated on Mon Jul 17 20:14:02 CST 2017.
    -->
    select 
    <include refid="Base_Column_List" />
    ,
    <include refid="Blob_Column_List" />
    from hospital_t
    where id = #{id,jdbcType=INTEGER}
  </select>
  <delete id="deleteByPrimaryKey" parameterType="java.lang.Integer">
    <!--
      WARNING - @mbg.generated
      This element is automatically generated by MyBatis Generator, do not modify.
      This element was generated on Mon Jul 17 20:14:02 CST 2017.
    -->
    delete from hospital_t
    where id = #{id,jdbcType=INTEGER}
  </delete>
  <delete id="deleteByExample" parameterType="zdfs.model.HospitalTExample">
    <!--
      WARNING - @mbg.generated
      This element is automatically generated by MyBatis Generator, do not modify.
      This element was generated on Mon Jul 17 20:14:02 CST 2017.
    -->
    delete from hospital_t
    <if test="_parameter != null">
      <include refid="Example_Where_Clause" />
    </if>
  </delete>
  <insert id="insert" parameterType="zdfs.model.HospitalT"  useGeneratedKeys="true" keyProperty="id">
    <!--
      WARNING - @mbg.generated
      This element is automatically generated by MyBatis Generator, do not modify.
      This element was generated on Mon Jul 17 20:14:02 CST 2017.
    -->

    insert into hospital_t ( code, name, 
      address, tel, create_time, 
      delflag, decription)
    values ( #{code,jdbcType=VARCHAR}, #{name,jdbcType=VARCHAR}, 
      #{address,jdbcType=VARCHAR}, #{tel,jdbcType=VARCHAR}, #{create_time,jdbcType=TIMESTAMP}, 
      #{delflag,jdbcType=BIT}, #{decription,jdbcType=LONGVARCHAR})
  </insert>
  <insert id="insertSelective" parameterType="zdfs.model.HospitalT">
    <!--
      WARNING - @mbg.generated
      This element is automatically generated by MyBatis Generator, do not modify.
      This element was generated on Mon Jul 17 20:14:02 CST 2017.
    -->
    <selectKey keyProperty="id" order="BEFORE" resultType="java.lang.Integer">
      SELECT LAST_INSERT_ID()
    </selectKey>
    insert into hospital_t
    <trim prefix="(" suffix=")" suffixOverrides=",">
      id,
      <if test="code != null">
        code,
      </if>
      <if test="name != null">
        name,
      </if>
      <if test="address != null">
        address,
      </if>
      <if test="tel != null">
        tel,
      </if>
      <if test="create_time != null">
        create_time,
      </if>
      <if test="delflag != null">
        delflag,
      </if>
      <if test="decription != null">
        decription,
      </if>
    </trim>
    <trim prefix="values (" suffix=")" suffixOverrides=",">
      #{id,jdbcType=INTEGER},
      <if test="code != null">
        #{code,jdbcType=VARCHAR},
      </if>
      <if test="name != null">
        #{name,jdbcType=VARCHAR},
      </if>
      <if test="address != null">
        #{address,jdbcType=VARCHAR},
      </if>
      <if test="tel != null">
        #{tel,jdbcType=VARCHAR},
      </if>
      <if test="create_time != null">
        #{create_time,jdbcType=TIMESTAMP},
      </if>
      <if test="delflag != null">
        #{delflag,jdbcType=BIT},
      </if>
      <if test="decription != null">
        #{decription,jdbcType=LONGVARCHAR},
      </if>
    </trim>
  </insert>
  <select id="countByExample" parameterType="zdfs.model.HospitalTExample" resultType="java.lang.Long">
    <!--
      WARNING - @mbg.generated
      This element is automatically generated by MyBatis Generator, do not modify.
      This element was generated on Mon Jul 17 20:14:02 CST 2017.
    -->
    select count(*) from hospital_t
    <if test="_parameter != null">
      <include refid="Example_Where_Clause" />
    </if>
  </select>
  <update id="updateByExampleSelective" parameterType="map">
    <!--
      WARNING - @mbg.generated
      This element is automatically generated by MyBatis Generator, do not modify.
      This element was generated on Mon Jul 17 20:14:02 CST 2017.
    -->
    update hospital_t
    <set>
      <if test="record.id != null">
        id = #{record.id,jdbcType=INTEGER},
      </if>
      <if test="record.code != null">
        code = #{record.code,jdbcType=VARCHAR},
      </if>
      <if test="record.name != null">
        name = #{record.name,jdbcType=VARCHAR},
      </if>
      <if test="record.address != null">
        address = #{record.address,jdbcType=VARCHAR},
      </if>
      <if test="record.tel != null">
        tel = #{record.tel,jdbcType=VARCHAR},
      </if>
      <if test="record.create_time != null">
        create_time = #{record.create_time,jdbcType=TIMESTAMP},
      </if>
      <if test="record.delflag != null">
        delflag = #{record.delflag,jdbcType=BIT},
      </if>
      <if test="record.decription != null">
        decription = #{record.decription,jdbcType=LONGVARCHAR},
      </if>
    </set>
    <if test="_parameter != null">
      <include refid="Update_By_Example_Where_Clause" />
    </if>
  </update>
  <update id="updateByExampleWithBLOBs" parameterType="map">
    <!--
      WARNING - @mbg.generated
      This element is automatically generated by MyBatis Generator, do not modify.
      This element was generated on Mon Jul 17 20:14:02 CST 2017.
    -->
    update hospital_t
    set id = #{record.id,jdbcType=INTEGER},
      code = #{record.code,jdbcType=VARCHAR},
      name = #{record.name,jdbcType=VARCHAR},
      address = #{record.address,jdbcType=VARCHAR},
      tel = #{record.tel,jdbcType=VARCHAR},
      create_time = #{record.create_time,jdbcType=TIMESTAMP},
      delflag = #{record.delflag,jdbcType=BIT},
      decription = #{record.decription,jdbcType=LONGVARCHAR}
    <if test="_parameter != null">
      <include refid="Update_By_Example_Where_Clause" />
    </if>
  </update>
  <update id="updateByExample" parameterType="map">
    <!--
      WARNING - @mbg.generated
      This element is automatically generated by MyBatis Generator, do not modify.
      This element was generated on Mon Jul 17 20:14:02 CST 2017.
    -->
    update hospital_t
    set id = #{record.id,jdbcType=INTEGER},
      code = #{record.code,jdbcType=VARCHAR},
      name = #{record.name,jdbcType=VARCHAR},
      address = #{record.address,jdbcType=VARCHAR},
      tel = #{record.tel,jdbcType=VARCHAR},
      create_time = #{record.create_time,jdbcType=TIMESTAMP},
      delflag = #{record.delflag,jdbcType=BIT}
    <if test="_parameter != null">
      <include refid="Update_By_Example_Where_Clause" />
    </if>
  </update>
  <update id="updateByPrimaryKeySelective" parameterType="zdfs.model.HospitalT">
    <!--
      WARNING - @mbg.generated
      This element is automatically generated by MyBatis Generator, do not modify.
      This element was generated on Mon Jul 17 20:14:02 CST 2017.
    -->
    update hospital_t
    <set>
      <if test="code != null">
        code = #{code,jdbcType=VARCHAR},
      </if>
      <if test="name != null">
        name = #{name,jdbcType=VARCHAR},
      </if>
      <if test="address != null">
        address = #{address,jdbcType=VARCHAR},
      </if>
      <if test="tel != null">
        tel = #{tel,jdbcType=VARCHAR},
      </if>
      <if test="create_time != null">
        create_time = #{create_time,jdbcType=TIMESTAMP},
      </if>
      <if test="delflag != null">
        delflag = #{delflag,jdbcType=BIT},
      </if>
      <if test="decription != null">
        decription = #{decription,jdbcType=LONGVARCHAR},
      </if>
    </set>
    where id = #{id,jdbcType=INTEGER}
  </update>
  <update id="updateByPrimaryKeyWithBLOBs" parameterType="zdfs.model.HospitalT">
    <!--
      WARNING - @mbg.generated
      This element is automatically generated by MyBatis Generator, do not modify.
      This element was generated on Mon Jul 17 20:14:02 CST 2017.
    -->
    update hospital_t
    set code = #{code,jdbcType=VARCHAR},
      name = #{name,jdbcType=VARCHAR},
      address = #{address,jdbcType=VARCHAR},
      tel = #{tel,jdbcType=VARCHAR},
      create_time = #{create_time,jdbcType=TIMESTAMP},
      delflag = #{delflag,jdbcType=BIT},
      decription = #{decription,jdbcType=LONGVARCHAR}
    where id = #{id,jdbcType=INTEGER}
  </update>
  <update id="updateByPrimaryKey" parameterType="zdfs.model.HospitalT">
    <!--
      WARNING - @mbg.generated
      This element is automatically generated by MyBatis Generator, do not modify.
      This element was generated on Mon Jul 17 20:14:02 CST 2017.
    -->
    update hospital_t
    set code = #{code,jdbcType=VARCHAR},
      name = #{name,jdbcType=VARCHAR},
      address = #{address,jdbcType=VARCHAR},
      tel = #{tel,jdbcType=VARCHAR},
      create_time = #{create_time,jdbcType=TIMESTAMP},
      delflag = #{delflag,jdbcType=BIT}
    where id = #{id,jdbcType=INTEGER}
  </update>
</mapper>