<?xml version="1.0" encoding="UTF-8"?>
<!DOCTYPE mapper PUBLIC "-//mybatis.org//DTD Mapper 3.0//EN" "http://mybatis.org/dtd/mybatis-3-mapper.dtd">
<mapper namespace="zdfs.dao.PatientTMapper">
  <resultMap id="BaseResultMap" type="zdfs.model.PatientT">
    <!--
      WARNING - @mbg.generated
      This element is automatically generated by MyBatis Generator, do not modify.
      This element was generated on Thu Jul 27 13:54:20 CST 2017.
    -->
    <id column="p_id" jdbcType="INTEGER" property="p_id" />
    <result column="p_name" jdbcType="VARCHAR" property="p_name" />
    <result column="p_sex" jdbcType="BIT" property="p_sex" />
    <result column="p_birthday" jdbcType="DATE" property="p_birthday" />
    <result column="member_id" jdbcType="INTEGER" property="member_id" />
    <result column="d_id" jdbcType="INTEGER" property="d_id" />
    <result column="delflag" jdbcType="BIT" property="delflag" />
    <result column="p_tel" jdbcType="VARCHAR" property="p_tel" />
    <result column="p_id_type" jdbcType="VARCHAR" property="p_id_type" />
    <result column="p_id_number" jdbcType="VARCHAR" property="p_id_number" />
    <result column="p_nickname" jdbcType="VARCHAR" property="p_nickname" />
    <result column="p_picture" jdbcType="VARCHAR" property="p_picture" />
    <result column="p_blood_type" jdbcType="VARCHAR" property="p_blood_type" />
    <result column="p_marry_status" jdbcType="BIT" property="p_marry_status" />
    <result column="p_job" jdbcType="VARCHAR" property="p_job" />
    <result column="p_social_card" jdbcType="VARCHAR" property="p_social_card" />
    <result column="p_address" jdbcType="VARCHAR" property="p_address" />
    <result column="p_home" jdbcType="VARCHAR" property="p_home" />
    <result column="lastest_video_time" jdbcType="TIMESTAMP" property="lastest_video_time" />
  </resultMap>
  <sql id="Example_Where_Clause">
    <!--
      WARNING - @mbg.generated
      This element is automatically generated by MyBatis Generator, do not modify.
      This element was generated on Thu Jul 27 13:54:20 CST 2017.
    -->
    <where>
      <foreach collection="oredCriteria" item="criteria" separator="or">
        <if test="criteria.valid">
          <trim prefix="(" prefixOverrides="and" suffix=")">
            <foreach collection="criteria.criteria" item="criterion">
              <choose>
                <when test="criterion.noValue">
                  and ${criterion.condition}
                </when>
                <when test="criterion.singleValue">
                  and ${criterion.condition} #{criterion.value}
                </when>
                <when test="criterion.betweenValue">
                  and ${criterion.condition} #{criterion.value} and #{criterion.secondValue}
                </when>
                <when test="criterion.listValue">
                  and ${criterion.condition}
                  <foreach close=")" collection="criterion.value" item="listItem" open="(" separator=",">
                    #{listItem}
                  </foreach>
                </when>
              </choose>
            </foreach>
          </trim>
        </if>
      </foreach>
    </where>
  </sql>
  <sql id="Update_By_Example_Where_Clause">
    <!--
      WARNING - @mbg.generated
      This element is automatically generated by MyBatis Generator, do not modify.
      This element was generated on Thu Jul 27 13:54:20 CST 2017.
    -->
    <where>
      <foreach collection="example.oredCriteria" item="criteria" separator="or">
        <if test="criteria.valid">
          <trim prefix="(" prefixOverrides="and" suffix=")">
            <foreach collection="criteria.criteria" item="criterion">
              <choose>
                <when test="criterion.noValue">
                  and ${criterion.condition}
                </when>
                <when test="criterion.singleValue">
                  and ${criterion.condition} #{criterion.value}
                </when>
                <when test="criterion.betweenValue">
                  and ${criterion.condition} #{criterion.value} and #{criterion.secondValue}
                </when>
                <when test="criterion.listValue">
                  and ${criterion.condition}
                  <foreach close=")" collection="criterion.value" item="listItem" open="(" separator=",">
                    #{listItem}
                  </foreach>
                </when>
              </choose>
            </foreach>
          </trim>
        </if>
      </foreach>
    </where>
  </sql>
  <sql id="Base_Column_List">
    <!--
      WARNING - @mbg.generated
      This element is automatically generated by MyBatis Generator, do not modify.
      This element was generated on Thu Jul 27 13:54:20 CST 2017.
    -->
    p_id, p_name, p_sex, p_birthday, member_id, d_id, delflag, p_tel, p_id_type, p_id_number, 
    p_nickname, p_picture, p_blood_type, p_marry_status, p_job, p_social_card, p_address, 
    p_home, lastest_video_time
  </sql>
  <select id="selectByExample" parameterType="zdfs.model.PatientTExample" resultMap="BaseResultMap">
    <!--
      WARNING - @mbg.generated
      This element is automatically generated by MyBatis Generator, do not modify.
      This element was generated on Thu Jul 27 13:54:20 CST 2017.
    -->
    select
    <if test="distinct">
      distinct
    </if>
    <include refid="Base_Column_List" />
    from patient_t
    <if test="_parameter != null">
      <include refid="Example_Where_Clause" />
    </if>
    <if test="orderByClause != null">
      order by ${orderByClause}
    </if>
  </select>
  <select id="selectByPrimaryKey" parameterType="java.lang.Integer" resultMap="BaseResultMap">
    <!--
      WARNING - @mbg.generated
      This element is automatically generated by MyBatis Generator, do not modify.
      This element was generated on Thu Jul 27 13:54:20 CST 2017.
    -->
    select 
    <include refid="Base_Column_List" />
    from patient_t
    where p_id = #{p_id,jdbcType=INTEGER}
  </select>
  <delete id="deleteByPrimaryKey" parameterType="java.lang.Integer">
    <!--
      WARNING - @mbg.generated
      This element is automatically generated by MyBatis Generator, do not modify.
      This element was generated on Thu Jul 27 13:54:20 CST 2017.
    -->
    delete from patient_t
    where p_id = #{p_id,jdbcType=INTEGER}
  </delete>
  <delete id="deleteByExample" parameterType="zdfs.model.PatientTExample">
    <!--
      WARNING - @mbg.generated
      This element is automatically generated by MyBatis Generator, do not modify.
      This element was generated on Thu Jul 27 13:54:20 CST 2017.
    -->
    delete from patient_t
    <if test="_parameter != null">
      <include refid="Example_Where_Clause" />
    </if>
  </delete>
  <insert id="insert" parameterType="zdfs.model.PatientT"  useGeneratedKeys="true" keyProperty="p_id">
    <!--
      WARNING - @mbg.generated
      This element is automatically generated by MyBatis Generator, do not modify.
      This element was generated on Thu Jul 27 13:54:20 CST 2017.
    -->
    insert into patient_t ( p_name, p_sex, 
      p_birthday, member_id, d_id, 
      delflag, p_tel, p_id_type, 
      p_id_number, p_nickname, p_picture, 
      p_blood_type, p_marry_status, p_job, 
      p_social_card, p_address, p_home, 
      lastest_video_time)
    values ( #{p_name,jdbcType=VARCHAR}, #{p_sex,jdbcType=BIT}, 
      #{p_birthday,jdbcType=DATE}, #{member_id,jdbcType=INTEGER}, #{d_id,jdbcType=INTEGER}, 
      #{delflag,jdbcType=BIT}, #{p_tel,jdbcType=VARCHAR}, #{p_id_type,jdbcType=VARCHAR}, 
      #{p_id_number,jdbcType=VARCHAR}, #{p_nickname,jdbcType=VARCHAR}, #{p_picture,jdbcType=VARCHAR}, 
      #{p_blood_type,jdbcType=VARCHAR}, #{p_marry_status,jdbcType=BIT}, #{p_job,jdbcType=VARCHAR}, 
      #{p_social_card,jdbcType=VARCHAR}, #{p_address,jdbcType=VARCHAR}, #{p_home,jdbcType=VARCHAR}, 
      #{lastest_video_time,jdbcType=TIMESTAMP})
  </insert>
  <insert id="insertSelective" parameterType="zdfs.model.PatientT">
    <!--
      WARNING - @mbg.generated
      This element is automatically generated by MyBatis Generator, do not modify.
      This element was generated on Thu Jul 27 13:54:20 CST 2017.
    -->
    insert into patient_t
    <trim prefix="(" suffix=")" suffixOverrides=",">
      <if test="p_id != null">
        p_id,
      </if>
      <if test="p_name != null">
        p_name,
      </if>
      <if test="p_sex != null">
        p_sex,
      </if>
      <if test="p_birthday != null">
        p_birthday,
      </if>
      <if test="member_id != null">
        member_id,
      </if>
      <if test="d_id != null">
        d_id,
      </if>
      <if test="delflag != null">
        delflag,
      </if>
      <if test="p_tel != null">
        p_tel,
      </if>
      <if test="p_id_type != null">
        p_id_type,
      </if>
      <if test="p_id_number != null">
        p_id_number,
      </if>
      <if test="p_nickname != null">
        p_nickname,
      </if>
      <if test="p_picture != null">
        p_picture,
      </if>
      <if test="p_blood_type != null">
        p_blood_type,
      </if>
      <if test="p_marry_status != null">
        p_marry_status,
      </if>
      <if test="p_job != null">
        p_job,
      </if>
      <if test="p_social_card != null">
        p_social_card,
      </if>
      <if test="p_address != null">
        p_address,
      </if>
      <if test="p_home != null">
        p_home,
      </if>
      <if test="lastest_video_time != null">
        lastest_video_time,
      </if>
    </trim>
    <trim prefix="values (" suffix=")" suffixOverrides=",">
      <if test="p_id != null">
        #{p_id,jdbcType=INTEGER},
      </if>
      <if test="p_name != null">
        #{p_name,jdbcType=VARCHAR},
      </if>
      <if test="p_sex != null">
        #{p_sex,jdbcType=BIT},
      </if>
      <if test="p_birthday != null">
        #{p_birthday,jdbcType=DATE},
      </if>
      <if test="member_id != null">
        #{member_id,jdbcType=INTEGER},
      </if>
      <if test="d_id != null">
        #{d_id,jdbcType=INTEGER},
      </if>
      <if test="delflag != null">
        #{delflag,jdbcType=BIT},
      </if>
      <if test="p_tel != null">
        #{p_tel,jdbcType=VARCHAR},
      </if>
      <if test="p_id_type != null">
        #{p_id_type,jdbcType=VARCHAR},
      </if>
      <if test="p_id_number != null">
        #{p_id_number,jdbcType=VARCHAR},
      </if>
      <if test="p_nickname != null">
        #{p_nickname,jdbcType=VARCHAR},
      </if>
      <if test="p_picture != null">
        #{p_picture,jdbcType=VARCHAR},
      </if>
      <if test="p_blood_type != null">
        #{p_blood_type,jdbcType=VARCHAR},
      </if>
      <if test="p_marry_status != null">
        #{p_marry_status,jdbcType=BIT},
      </if>
      <if test="p_job != null">
        #{p_job,jdbcType=VARCHAR},
      </if>
      <if test="p_social_card != null">
        #{p_social_card,jdbcType=VARCHAR},
      </if>
      <if test="p_address != null">
        #{p_address,jdbcType=VARCHAR},
      </if>
      <if test="p_home != null">
        #{p_home,jdbcType=VARCHAR},
      </if>
      <if test="lastest_video_time != null">
        #{lastest_video_time,jdbcType=TIMESTAMP},
      </if>
    </trim>
  </insert>
  <select id="countByExample" parameterType="zdfs.model.PatientTExample" resultType="java.lang.Long">
    <!--
      WARNING - @mbg.generated
      This element is automatically generated by MyBatis Generator, do not modify.
      This element was generated on Thu Jul 27 13:54:20 CST 2017.
    -->
    select count(*) from patient_t
    <if test="_parameter != null">
      <include refid="Example_Where_Clause" />
    </if>
  </select>
  <update id="updateByExampleSelective" parameterType="map">
    <!--
      WARNING - @mbg.generated
      This element is automatically generated by MyBatis Generator, do not modify.
      This element was generated on Thu Jul 27 13:54:20 CST 2017.
    -->
    update patient_t
    <set>
      <if test="record.p_id != null">
        p_id = #{record.p_id,jdbcType=INTEGER},
      </if>
      <if test="record.p_name != null">
        p_name = #{record.p_name,jdbcType=VARCHAR},
      </if>
      <if test="record.p_sex != null">
        p_sex = #{record.p_sex,jdbcType=BIT},
      </if>
      <if test="record.p_birthday != null">
        p_birthday = #{record.p_birthday,jdbcType=DATE},
      </if>
      <if test="record.member_id != null">
        member_id = #{record.member_id,jdbcType=INTEGER},
      </if>
      <if test="record.d_id != null">
        d_id = #{record.d_id,jdbcType=INTEGER},
      </if>
      <if test="record.delflag != null">
        delflag = #{record.delflag,jdbcType=BIT},
      </if>
      <if test="record.p_tel != null">
        p_tel = #{record.p_tel,jdbcType=VARCHAR},
      </if>
      <if test="record.p_id_type != null">
        p_id_type = #{record.p_id_type,jdbcType=VARCHAR},
      </if>
      <if test="record.p_id_number != null">
        p_id_number = #{record.p_id_number,jdbcType=VARCHAR},
      </if>
      <if test="record.p_nickname != null">
        p_nickname = #{record.p_nickname,jdbcType=VARCHAR},
      </if>
      <if test="record.p_picture != null">
        p_picture = #{record.p_picture,jdbcType=VARCHAR},
      </if>
      <if test="record.p_blood_type != null">
        p_blood_type = #{record.p_blood_type,jdbcType=VARCHAR},
      </if>
      <if test="record.p_marry_status != null">
        p_marry_status = #{record.p_marry_status,jdbcType=BIT},
      </if>
      <if test="record.p_job != null">
        p_job = #{record.p_job,jdbcType=VARCHAR},
      </if>
      <if test="record.p_social_card != null">
        p_social_card = #{record.p_social_card,jdbcType=VARCHAR},
      </if>
      <if test="record.p_address != null">
        p_address = #{record.p_address,jdbcType=VARCHAR},
      </if>
      <if test="record.p_home != null">
        p_home = #{record.p_home,jdbcType=VARCHAR},
      </if>
      <if test="record.lastest_video_time != null">
        lastest_video_time = #{record.lastest_video_time,jdbcType=TIMESTAMP},
      </if>
    </set>
    <if test="_parameter != null">
      <include refid="Update_By_Example_Where_Clause" />
    </if>
  </update>
  <update id="updateByExample" parameterType="map">
    <!--
      WARNING - @mbg.generated
      This element is automatically generated by MyBatis Generator, do not modify.
      This element was generated on Thu Jul 27 13:54:20 CST 2017.
    -->
    update patient_t
    set p_id = #{record.p_id,jdbcType=INTEGER},
      p_name = #{record.p_name,jdbcType=VARCHAR},
      p_sex = #{record.p_sex,jdbcType=BIT},
      p_birthday = #{record.p_birthday,jdbcType=DATE},
      member_id = #{record.member_id,jdbcType=INTEGER},
      d_id = #{record.d_id,jdbcType=INTEGER},
      delflag = #{record.delflag,jdbcType=BIT},
      p_tel = #{record.p_tel,jdbcType=VARCHAR},
      p_id_type = #{record.p_id_type,jdbcType=VARCHAR},
      p_id_number = #{record.p_id_number,jdbcType=VARCHAR},
      p_nickname = #{record.p_nickname,jdbcType=VARCHAR},
      p_picture = #{record.p_picture,jdbcType=VARCHAR},
      p_blood_type = #{record.p_blood_type,jdbcType=VARCHAR},
      p_marry_status = #{record.p_marry_status,jdbcType=BIT},
      p_job = #{record.p_job,jdbcType=VARCHAR},
      p_social_card = #{record.p_social_card,jdbcType=VARCHAR},
      p_address = #{record.p_address,jdbcType=VARCHAR},
      p_home = #{record.p_home,jdbcType=VARCHAR},
      lastest_video_time = #{record.lastest_video_time,jdbcType=TIMESTAMP}
    <if test="_parameter != null">
      <include refid="Update_By_Example_Where_Clause" />
    </if>
  </update>
  <update id="updateByPrimaryKeySelective" parameterType="zdfs.model.PatientT">
    <!--
      WARNING - @mbg.generated
      This element is automatically generated by MyBatis Generator, do not modify.
      This element was generated on Thu Jul 27 13:54:20 CST 2017.
    -->
    update patient_t
    <set>
      <if test="p_name != null">
        p_name = #{p_name,jdbcType=VARCHAR},
      </if>
      <if test="p_sex != null">
        p_sex = #{p_sex,jdbcType=BIT},
      </if>
      <if test="p_birthday != null">
        p_birthday = #{p_birthday,jdbcType=DATE},
      </if>
      <if test="member_id != null">
        member_id = #{member_id,jdbcType=INTEGER},
      </if>
      <if test="d_id != null">
        d_id = #{d_id,jdbcType=INTEGER},
      </if>
      <if test="delflag != null">
        delflag = #{delflag,jdbcType=BIT},
      </if>
      <if test="p_tel != null">
        p_tel = #{p_tel,jdbcType=VARCHAR},
      </if>
      <if test="p_id_type != null">
        p_id_type = #{p_id_type,jdbcType=VARCHAR},
      </if>
      <if test="p_id_number != null">
        p_id_number = #{p_id_number,jdbcType=VARCHAR},
      </if>
      <if test="p_nickname != null">
        p_nickname = #{p_nickname,jdbcType=VARCHAR},
      </if>
      <if test="p_picture != null">
        p_picture = #{p_picture,jdbcType=VARCHAR},
      </if>
      <if test="p_blood_type != null">
        p_blood_type = #{p_blood_type,jdbcType=VARCHAR},
      </if>
      <if test="p_marry_status != null">
        p_marry_status = #{p_marry_status,jdbcType=BIT},
      </if>
      <if test="p_job != null">
        p_job = #{p_job,jdbcType=VARCHAR},
      </if>
      <if test="p_social_card != null">
        p_social_card = #{p_social_card,jdbcType=VARCHAR},
      </if>
      <if test="p_address != null">
        p_address = #{p_address,jdbcType=VARCHAR},
      </if>
      <if test="p_home != null">
        p_home = #{p_home,jdbcType=VARCHAR},
      </if>
      <if test="lastest_video_time != null">
        lastest_video_time = #{lastest_video_time,jdbcType=TIMESTAMP},
      </if>
    </set>
    where p_id = #{p_id,jdbcType=INTEGER}
  </update>
  <update id="updateByPrimaryKey" parameterType="zdfs.model.PatientT">
    <!--
      WARNING - @mbg.generated
      This element is automatically generated by MyBatis Generator, do not modify.
      This element was generated on Thu Jul 27 13:54:20 CST 2017.
    -->
    update patient_t
    set p_name = #{p_name,jdbcType=VARCHAR},
      p_sex = #{p_sex,jdbcType=BIT},
      p_birthday = #{p_birthday,jdbcType=DATE},
      member_id = #{member_id,jdbcType=INTEGER},
      d_id = #{d_id,jdbcType=INTEGER},
      delflag = #{delflag,jdbcType=BIT},
      p_tel = #{p_tel,jdbcType=VARCHAR},
      p_id_type = #{p_id_type,jdbcType=VARCHAR},
      p_id_number = #{p_id_number,jdbcType=VARCHAR},
      p_nickname = #{p_nickname,jdbcType=VARCHAR},
      p_picture = #{p_picture,jdbcType=VARCHAR},
      p_blood_type = #{p_blood_type,jdbcType=VARCHAR},
      p_marry_status = #{p_marry_status,jdbcType=BIT},
      p_job = #{p_job,jdbcType=VARCHAR},
      p_social_card = #{p_social_card,jdbcType=VARCHAR},
      p_address = #{p_address,jdbcType=VARCHAR},
      p_home = #{p_home,jdbcType=VARCHAR},
      lastest_video_time = #{lastest_video_time,jdbcType=TIMESTAMP}
    where p_id = #{p_id,jdbcType=INTEGER}
  </update>
  <select id="findByName" resultMap="BaseResultMap">
  	 select <include refid="Base_Column_List" />
  	  from patient_t p where (p.p_social_card like '%${value1}%' or p.p_name like '%${value2}%') and p.d_id=#{doctorId,jdbcType=INTEGER};
  </select>
</mapper>