<?xml version="1.0" encoding="UTF-8"?>
<!DOCTYPE mapper PUBLIC "-//mybatis.org//DTD Mapper 3.0//EN" "http://mybatis.org/dtd/mybatis-3-mapper.dtd">
<mapper namespace="zdfs.dao.RDoctorAnychatTMapper">
  <resultMap id="BaseResultMap" type="zdfs.model.RDoctorAnychatT">
    <!--
      WARNING - @mbg.generated
      This element is automatically generated by MyBatis Generator, do not modify.
      This element was generated on Fri Jul 21 10:07:34 CST 2017.
    -->
    <id column="doctor_id" jdbcType="INTEGER" property="doctor_id" />
    <result column="anychat_id" jdbcType="INTEGER" property="anychat_id" />
    <result column="delflag" jdbcType="BIT" property="delflag" />
    <result column="create_time" jdbcType="TIMESTAMP" property="create_time" />
  </resultMap>
  <sql id="Example_Where_Clause">
    <!--
      WARNING - @mbg.generated
      This element is automatically generated by MyBatis Generator, do not modify.
      This element was generated on Fri Jul 21 10:07:34 CST 2017.
    -->
    <where>
      <foreach collection="oredCriteria" item="criteria" separator="or">
        <if test="criteria.valid">
          <trim prefix="(" prefixOverrides="and" suffix=")">
            <foreach collection="criteria.criteria" item="criterion">
              <choose>
                <when test="criterion.noValue">
                  and ${criterion.condition}
                </when>
                <when test="criterion.singleValue">
                  and ${criterion.condition} #{criterion.value}
                </when>
                <when test="criterion.betweenValue">
                  and ${criterion.condition} #{criterion.value} and #{criterion.secondValue}
                </when>
                <when test="criterion.listValue">
                  and ${criterion.condition}
                  <foreach close=")" collection="criterion.value" item="listItem" open="(" separator=",">
                    #{listItem}
                  </foreach>
                </when>
              </choose>
            </foreach>
          </trim>
        </if>
      </foreach>
    </where>
  </sql>
  <sql id="Update_By_Example_Where_Clause">
    <!--
      WARNING - @mbg.generated
      This element is automatically generated by MyBatis Generator, do not modify.
      This element was generated on Fri Jul 21 10:07:34 CST 2017.
    -->
    <where>
      <foreach collection="example.oredCriteria" item="criteria" separator="or">
        <if test="criteria.valid">
          <trim prefix="(" prefixOverrides="and" suffix=")">
            <foreach collection="criteria.criteria" item="criterion">
              <choose>
                <when test="criterion.noValue">
                  and ${criterion.condition}
                </when>
                <when test="criterion.singleValue">
                  and ${criterion.condition} #{criterion.value}
                </when>
                <when test="criterion.betweenValue">
                  and ${criterion.condition} #{criterion.value} and #{criterion.secondValue}
                </when>
                <when test="criterion.listValue">
                  and ${criterion.condition}
                  <foreach close=")" collection="criterion.value" item="listItem" open="(" separator=",">
                    #{listItem}
                  </foreach>
                </when>
              </choose>
            </foreach>
          </trim>
        </if>
      </foreach>
    </where>
  </sql>
  <sql id="Base_Column_List">
    <!--
      WARNING - @mbg.generated
      This element is automatically generated by MyBatis Generator, do not modify.
      This element was generated on Fri Jul 21 10:07:34 CST 2017.
    -->
    doctor_id, anychat_id, delflag, create_time
  </sql>
  <select id="selectByExample" parameterType="zdfs.model.RDoctorAnychatTExample" resultMap="BaseResultMap">
    <!--
      WARNING - @mbg.generated
      This element is automatically generated by MyBatis Generator, do not modify.
      This element was generated on Fri Jul 21 10:07:34 CST 2017.
    -->
    select
    <if test="distinct">
      distinct
    </if>
    <include refid="Base_Column_List" />
    from r_doctor_anychat_t
    <if test="_parameter != null">
      <include refid="Example_Where_Clause" />
    </if>
    <if test="orderByClause != null">
      order by ${orderByClause}
    </if>
  </select>
  <select id="selectByPrimaryKey" parameterType="java.lang.Integer" resultMap="BaseResultMap">
    <!--
      WARNING - @mbg.generated
      This element is automatically generated by MyBatis Generator, do not modify.
      This element was generated on Fri Jul 21 10:07:34 CST 2017.
    -->
    select 
    <include refid="Base_Column_List" />
    from r_doctor_anychat_t
    where doctor_id = #{doctor_id,jdbcType=INTEGER}
  </select>
  <delete id="deleteByPrimaryKey" parameterType="java.lang.Integer">
    <!--
      WARNING - @mbg.generated
      This element is automatically generated by MyBatis Generator, do not modify.
      This element was generated on Fri Jul 21 10:07:34 CST 2017.
    -->
    delete from r_doctor_anychat_t
    where doctor_id = #{doctor_id,jdbcType=INTEGER}
  </delete>
  <delete id="deleteByExample" parameterType="zdfs.model.RDoctorAnychatTExample">
    <!--
      WARNING - @mbg.generated
      This element is automatically generated by MyBatis Generator, do not modify.
      This element was generated on Fri Jul 21 10:07:34 CST 2017.
    -->
    delete from r_doctor_anychat_t
    <if test="_parameter != null">
      <include refid="Example_Where_Clause" />
    </if>
  </delete>
  <insert id="insert" parameterType="zdfs.model.RDoctorAnychatT">
    <!--
      WARNING - @mbg.generated
      This element is automatically generated by MyBatis Generator, do not modify.
      This element was generated on Fri Jul 21 10:07:34 CST 2017.
    -->
    insert into r_doctor_anychat_t (doctor_id, anychat_id, delflag, 
      create_time)
    values (#{doctor_id,jdbcType=INTEGER}, #{anychat_id,jdbcType=INTEGER}, #{delflag,jdbcType=BIT}, 
      #{create_time,jdbcType=TIMESTAMP})
  </insert>
  <insert id="insertSelective" parameterType="zdfs.model.RDoctorAnychatT">
    <!--
      WARNING - @mbg.generated
      This element is automatically generated by MyBatis Generator, do not modify.
      This element was generated on Fri Jul 21 10:07:34 CST 2017.
    -->
    insert into r_doctor_anychat_t
    <trim prefix="(" suffix=")" suffixOverrides=",">
      <if test="doctor_id != null">
        doctor_id,
      </if>
      <if test="anychat_id != null">
        anychat_id,
      </if>
      <if test="delflag != null">
        delflag,
      </if>
      <if test="create_time != null">
        create_time,
      </if>
    </trim>
    <trim prefix="values (" suffix=")" suffixOverrides=",">
      <if test="doctor_id != null">
        #{doctor_id,jdbcType=INTEGER},
      </if>
      <if test="anychat_id != null">
        #{anychat_id,jdbcType=INTEGER},
      </if>
      <if test="delflag != null">
        #{delflag,jdbcType=BIT},
      </if>
      <if test="create_time != null">
        #{create_time,jdbcType=TIMESTAMP},
      </if>
    </trim>
  </insert>
  <select id="countByExample" parameterType="zdfs.model.RDoctorAnychatTExample" resultType="java.lang.Long">
    <!--
      WARNING - @mbg.generated
      This element is automatically generated by MyBatis Generator, do not modify.
      This element was generated on Fri Jul 21 10:07:34 CST 2017.
    -->
    select count(*) from r_doctor_anychat_t
    <if test="_parameter != null">
      <include refid="Example_Where_Clause" />
    </if>
  </select>
  <update id="updateByExampleSelective" parameterType="map">
    <!--
      WARNING - @mbg.generated
      This element is automatically generated by MyBatis Generator, do not modify.
      This element was generated on Fri Jul 21 10:07:34 CST 2017.
    -->
    update r_doctor_anychat_t
    <set>
      <if test="record.doctor_id != null">
        doctor_id = #{record.doctor_id,jdbcType=INTEGER},
      </if>
      <if test="record.anychat_id != null">
        anychat_id = #{record.anychat_id,jdbcType=INTEGER},
      </if>
      <if test="record.delflag != null">
        delflag = #{record.delflag,jdbcType=BIT},
      </if>
      <if test="record.create_time != null">
        create_time = #{record.create_time,jdbcType=TIMESTAMP},
      </if>
    </set>
    <if test="_parameter != null">
      <include refid="Update_By_Example_Where_Clause" />
    </if>
  </update>
  <update id="updateByExample" parameterType="map">
    <!--
      WARNING - @mbg.generated
      This element is automatically generated by MyBatis Generator, do not modify.
      This element was generated on Fri Jul 21 10:07:34 CST 2017.
    -->
    update r_doctor_anychat_t
    set doctor_id = #{record.doctor_id,jdbcType=INTEGER},
      anychat_id = #{record.anychat_id,jdbcType=INTEGER},
      delflag = #{record.delflag,jdbcType=BIT},
      create_time = #{record.create_time,jdbcType=TIMESTAMP}
    <if test="_parameter != null">
      <include refid="Update_By_Example_Where_Clause" />
    </if>
  </update>
  <update id="updateByPrimaryKeySelective" parameterType="zdfs.model.RDoctorAnychatT">
    <!--
      WARNING - @mbg.generated
      This element is automatically generated by MyBatis Generator, do not modify.
      This element was generated on Fri Jul 21 10:07:34 CST 2017.
    -->
    update r_doctor_anychat_t
    <set>
      <if test="anychat_id != null">
        anychat_id = #{anychat_id,jdbcType=INTEGER},
      </if>
      <if test="delflag != null">
        delflag = #{delflag,jdbcType=BIT},
      </if>
      <if test="create_time != null">
        create_time = #{create_time,jdbcType=TIMESTAMP},
      </if>
    </set>
    where doctor_id = #{doctor_id,jdbcType=INTEGER}
  </update>
  <update id="updateByPrimaryKey" parameterType="zdfs.model.RDoctorAnychatT">
    <!--
      WARNING - @mbg.generated
      This element is automatically generated by MyBatis Generator, do not modify.
      This element was generated on Fri Jul 21 10:07:34 CST 2017.
    -->
    update r_doctor_anychat_t
    set anychat_id = #{anychat_id,jdbcType=INTEGER},
      delflag = #{delflag,jdbcType=BIT},
      create_time = #{create_time,jdbcType=TIMESTAMP}
    where doctor_id = #{doctor_id,jdbcType=INTEGER}
  </update>
</mapper>