<?xml version="1.0" encoding="UTF-8"?>
<!DOCTYPE mapper PUBLIC "-//mybatis.org//DTD Mapper 3.0//EN" "http://mybatis.org/dtd/mybatis-3-mapper.dtd">
<mapper namespace="zdfs.dao.VideoTMapper">
  <resultMap id="BaseResultMap" type="zdfs.model.VideoT">
    <!--
      WARNING - @mbg.generated
      This element is automatically generated by MyBatis Generator, do not modify.
      This element was generated on Mon Jul 31 01:53:36 CST 2017.
    -->
    <id column="id" jdbcType="INTEGER" property="id" />
    <result column="url" jdbcType="VARCHAR" property="url" />
    <result column="create_time" jdbcType="TIMESTAMP" property="create_time" />
    <result column="d_id" jdbcType="INTEGER" property="d_id" />
    <result column="p_id" jdbcType="INTEGER" property="p_id" />
    <result column="score" jdbcType="INTEGER" property="score" />
  </resultMap>
  
  <resultMap id="VideoView" type="zdfs.model.view.VideoTView">
  	<id column='id' jdbcType="INTEGER" property="id" />
  	<result column="url" jdbcType="VARCHAR" property="url" />
    <result column="create_time" jdbcType="TIMESTAMP" property="create_time" />
    <result column="d_id" jdbcType="INTEGER" property="d_id" />
    <result column="p_id" jdbcType="INTEGER" property="p_id" />
    <result column="score" jdbcType="INTEGER" property="score" />
    <!--hospital_name;
	 department_name;
	 doctor_photo;
	 doctor_name;
	 patient_name; -->
	<result column="hospital_name" jdbcType="VARCHAR" property="hospital_name" />
	<result column="department_name" jdbcType="VARCHAR" property="department_name" />
	<result column="doctor_photo" jdbcType="VARCHAR" property="doctor_photo" />
	<result column="doctor_name" jdbcType="VARCHAR" property="doctor_name" />
  </resultMap>
  <sql id="Example_Where_Clause">
    <!--
      WARNING - @mbg.generated
      This element is automatically generated by MyBatis Generator, do not modify.
      This element was generated on Mon Jul 31 01:53:36 CST 2017.
    -->
    <where>
      <foreach collection="oredCriteria" item="criteria" separator="or">
        <if test="criteria.valid">
          <trim prefix="(" prefixOverrides="and" suffix=")">
            <foreach collection="criteria.criteria" item="criterion">
              <choose>
                <when test="criterion.noValue">
                  and ${criterion.condition}
                </when>
                <when test="criterion.singleValue">
                  and ${criterion.condition} #{criterion.value}
                </when>
                <when test="criterion.betweenValue">
                  and ${criterion.condition} #{criterion.value} and #{criterion.secondValue}
                </when>
                <when test="criterion.listValue">
                  and ${criterion.condition}
                  <foreach close=")" collection="criterion.value" item="listItem" open="(" separator=",">
                    #{listItem}
                  </foreach>
                </when>
              </choose>
            </foreach>
          </trim>
        </if>
      </foreach>
    </where>
  </sql>
  <sql id="Update_By_Example_Where_Clause">
    <!--
      WARNING - @mbg.generated
      This element is automatically generated by MyBatis Generator, do not modify.
      This element was generated on Mon Jul 31 01:53:36 CST 2017.
    -->
    <where>
      <foreach collection="example.oredCriteria" item="criteria" separator="or">
        <if test="criteria.valid">
          <trim prefix="(" prefixOverrides="and" suffix=")">
            <foreach collection="criteria.criteria" item="criterion">
              <choose>
                <when test="criterion.noValue">
                  and ${criterion.condition}
                </when>
                <when test="criterion.singleValue">
                  and ${criterion.condition} #{criterion.value}
                </when>
                <when test="criterion.betweenValue">
                  and ${criterion.condition} #{criterion.value} and #{criterion.secondValue}
                </when>
                <when test="criterion.listValue">
                  and ${criterion.condition}
                  <foreach close=")" collection="criterion.value" item="listItem" open="(" separator=",">
                    #{listItem}
                  </foreach>
                </when>
              </choose>
            </foreach>
          </trim>
        </if>
      </foreach>
    </where>
  </sql>
  <sql id="Base_Column_List">
    <!--
      WARNING - @mbg.generated
      This element is automatically generated by MyBatis Generator, do not modify.
      This element was generated on Mon Jul 31 01:53:36 CST 2017.
    -->
    id, url, create_time, d_id, p_id, score
  </sql>
  <select id="selectByExample" parameterType="zdfs.model.VideoTExample" resultMap="BaseResultMap">
    <!--
      WARNING - @mbg.generated
      This element is automatically generated by MyBatis Generator, do not modify.
      This element was generated on Mon Jul 31 01:53:36 CST 2017.
    -->
    select
    <if test="distinct">
      distinct
    </if>
    <include refid="Base_Column_List" />
    from video_t
    <if test="_parameter != null">
      <include refid="Example_Where_Clause" />
    </if>
    <if test="orderByClause != null">
      order by ${orderByClause}
    </if>
  </select>
  <select id="selectByPrimaryKey" parameterType="java.lang.Integer" resultMap="BaseResultMap">
    <!--
      WARNING - @mbg.generated
      This element is automatically generated by MyBatis Generator, do not modify.
      This element was generated on Mon Jul 31 01:53:36 CST 2017.
    -->
    select 
    <include refid="Base_Column_List" />
    from video_t
    where id = #{id,jdbcType=INTEGER}
  </select>
  <delete id="deleteByPrimaryKey" parameterType="java.lang.Integer">
    <!--
      WARNING - @mbg.generated
      This element is automatically generated by MyBatis Generator, do not modify.
      This element was generated on Mon Jul 31 01:53:36 CST 2017.
    -->
    delete from video_t
    where id = #{id,jdbcType=INTEGER}
  </delete>
  <delete id="deleteByExample" parameterType="zdfs.model.VideoTExample">
    <!--
      WARNING - @mbg.generated
      This element is automatically generated by MyBatis Generator, do not modify.
      This element was generated on Mon Jul 31 01:53:36 CST 2017.
    -->
    delete from video_t
    <if test="_parameter != null">
      <include refid="Example_Where_Clause" />
    </if>
  </delete>
  <insert id="insert" parameterType="zdfs.model.VideoT"  useGeneratedKeys="true" keyProperty="id">
    <!--
      WARNING - @mbg.generated
      This element is automatically generated by MyBatis Generator, do not modify.
      This element was generated on Mon Jul 31 01:53:36 CST 2017.
    -->

    insert into video_t (url, create_time, 
      d_id, p_id, score)
    values ( #{url,jdbcType=VARCHAR}, #{create_time,jdbcType=TIMESTAMP}, 
      #{d_id,jdbcType=INTEGER}, #{p_id,jdbcType=INTEGER}, #{score,jdbcType=INTEGER})
  </insert>
  <insert id="insertSelective" parameterType="zdfs.model.VideoT">
    <!--
      WARNING - @mbg.generated
      This element is automatically generated by MyBatis Generator, do not modify.
      This element was generated on Mon Jul 31 01:53:36 CST 2017.
    -->
    <selectKey keyProperty="id" order="BEFORE" resultType="java.lang.Integer">
      SELECT LAST_INSERT_ID()
    </selectKey>
    insert into video_t
    <trim prefix="(" suffix=")" suffixOverrides=",">
      id,
      <if test="url != null">
        url,
      </if>
      <if test="create_time != null">
        create_time,
      </if>
      <if test="d_id != null">
        d_id,
      </if>
      <if test="p_id != null">
        p_id,
      </if>
      <if test="score != null">
        score,
      </if>
    </trim>
    <trim prefix="values (" suffix=")" suffixOverrides=",">
      #{id,jdbcType=INTEGER},
      <if test="url != null">
        #{url,jdbcType=VARCHAR},
      </if>
      <if test="create_time != null">
        #{create_time,jdbcType=TIMESTAMP},
      </if>
      <if test="d_id != null">
        #{d_id,jdbcType=INTEGER},
      </if>
      <if test="p_id != null">
        #{p_id,jdbcType=INTEGER},
      </if>
      <if test="score != null">
        #{score,jdbcType=INTEGER},
      </if>
    </trim>
  </insert>
  <select id="countByExample" parameterType="zdfs.model.VideoTExample" resultType="java.lang.Long">
    <!--
      WARNING - @mbg.generated
      This element is automatically generated by MyBatis Generator, do not modify.
      This element was generated on Mon Jul 31 01:53:36 CST 2017.
    -->
    select count(*) from video_t
    <if test="_parameter != null">
      <include refid="Example_Where_Clause" />
    </if>
  </select>
  <update id="updateByExampleSelective" parameterType="map">
    <!--
      WARNING - @mbg.generated
      This element is automatically generated by MyBatis Generator, do not modify.
      This element was generated on Mon Jul 31 01:53:36 CST 2017.
    -->
    update video_t
    <set>
      <if test="record.id != null">
        id = #{record.id,jdbcType=INTEGER},
      </if>
      <if test="record.url != null">
        url = #{record.url,jdbcType=VARCHAR},
      </if>
      <if test="record.create_time != null">
        create_time = #{record.create_time,jdbcType=TIMESTAMP},
      </if>
      <if test="record.d_id != null">
        d_id = #{record.d_id,jdbcType=INTEGER},
      </if>
      <if test="record.p_id != null">
        p_id = #{record.p_id,jdbcType=INTEGER},
      </if>
      <if test="record.score != null">
        score = #{record.score,jdbcType=INTEGER},
      </if>
    </set>
    <if test="_parameter != null">
      <include refid="Update_By_Example_Where_Clause" />
    </if>
  </update>
  <update id="updateByExample" parameterType="map">
    <!--
      WARNING - @mbg.generated
      This element is automatically generated by MyBatis Generator, do not modify.
      This element was generated on Mon Jul 31 01:53:36 CST 2017.
    -->
    update video_t
    set id = #{record.id,jdbcType=INTEGER},
      url = #{record.url,jdbcType=VARCHAR},
      create_time = #{record.create_time,jdbcType=TIMESTAMP},
      d_id = #{record.d_id,jdbcType=INTEGER},
      p_id = #{record.p_id,jdbcType=INTEGER},
      score = #{record.score,jdbcType=INTEGER}
    <if test="_parameter != null">
      <include refid="Update_By_Example_Where_Clause" />
    </if>
  </update>
  <update id="updateByPrimaryKeySelective" parameterType="zdfs.model.VideoT">
    <!--
      WARNING - @mbg.generated
      This element is automatically generated by MyBatis Generator, do not modify.
      This element was generated on Mon Jul 31 01:53:36 CST 2017.
    -->
    update video_t
    <set>
      <if test="url != null">
        url = #{url,jdbcType=VARCHAR},
      </if>
      <if test="create_time != null">
        create_time = #{create_time,jdbcType=TIMESTAMP},
      </if>
      <if test="d_id != null">
        d_id = #{d_id,jdbcType=INTEGER},
      </if>
      <if test="p_id != null">
        p_id = #{p_id,jdbcType=INTEGER},
      </if>
      <if test="score != null">
        score = #{score,jdbcType=INTEGER},
      </if>
    </set>
    where id = #{id,jdbcType=INTEGER}
  </update>
  <update id="updateByPrimaryKey" parameterType="zdfs.model.VideoT">
    <!--
      WARNING - @mbg.generated
      This element is automatically generated by MyBatis Generator, do not modify.
      This element was generated on Mon Jul 31 01:53:36 CST 2017.
    -->
    update video_t
    set url = #{url,jdbcType=VARCHAR},
      create_time = #{create_time,jdbcType=TIMESTAMP},
      d_id = #{d_id,jdbcType=INTEGER},
      p_id = #{p_id,jdbcType=INTEGER},
      score = #{score,jdbcType=INTEGER}
    where id = #{id,jdbcType=INTEGER}
  </update>
  
  <select id="selectAverScore" parameterType="java.lang.Integer" resultType="java.lang.Float">
  	select AVG(v.score) from video_t v where v.d_id=#{d_id,jdbcType=INTEGER} and v.score != null ;
  </select>
  
  <select id="findByDoctorIdAndMemberId" resultMap="BaseResultMap">
  	select <include refid="Base_Column_List" /> from video_t where d_id=#{doctorId,jdbcType=INTEGER}
  	and p_id in (select p_id from patient_t where member_id=#{memberId,jdbcType=INTEGER})
  </select>
  
  
  <select id="findByMemberId"  resultMap="BaseResultMap">
  	select <include refid="Base_Column_List" /> from video_t where 
  	 p_id in (select p_id from patient_t where member_id=#{memberId,jdbcType=INTEGER}) 
  </select>
  

  <select id="findViewByMemberId" resultMap="VideoView">
  	select  
  		v.id, 
  		v.url, 
  		v.create_time,
  		v.d_id, 
  		v.p_id, 
  		v.score,
  		h.name as hospital_name,
  		dep.name as department_name,
  		mdt.name as doctor_type_name,
  		d.photo as doctor_photo,
  		d.name as doctor_name
  	from video_t v
  		inner join doctor_t d on d.id=v.d_id
  		inner join hospital_t h on h.id=d.hospital_id
  		inner join department_t dep on dep.id=d.department_id
  		inner join meta_doctor_type_t mdt on mdt.id=d.doctor_type_id
  		where v.p_id in (select p_id from patient_t where member_id=#{memberId,jdbcType=INTEGER})
  		
  </select>
  
</mapper>