<?xml version="1.0" encoding="UTF-8"?>
<!DOCTYPE mapper PUBLIC "-//mybatis.org//DTD Mapper 3.0//EN" "http://mybatis.org/dtd/mybatis-3-mapper.dtd">
<mapper namespace="zdfs.tf02.dao.GluDataMapper">
  <resultMap id="BaseResultMap" type="zdfs.tf02.model.GluData">
    <!--
      WARNING - @mbg.generated
      This element is automatically generated by MyBatis Generator, do not modify.
      This element was generated on Tue Jul 18 05:12:00 CST 2017.
    -->
    <id column="id" jdbcType="INTEGER" property="id" />
    <result column="member_id" jdbcType="VARCHAR" property="member_id" />
    <result column="pid" jdbcType="VARCHAR" property="pid" />
    <result column="physicalstate" jdbcType="INTEGER" property="physicalstate" />
    <result column="meatime" jdbcType="TIMESTAMP" property="meatime" />
    <result column="gludata" jdbcType="REAL" property="gludata" />
    <result column="healthrecord" jdbcType="VARCHAR" property="healthrecord" />
    <result column="createtime" jdbcType="TIMESTAMP" property="createtime" />
    <result column="delflag" jdbcType="BIT" property="delflag" />
  </resultMap>
  <sql id="Example_Where_Clause">
    <!--
      WARNING - @mbg.generated
      This element is automatically generated by MyBatis Generator, do not modify.
      This element was generated on Tue Jul 18 05:12:00 CST 2017.
    -->
    <where>
      <foreach collection="oredCriteria" item="criteria" separator="or">
        <if test="criteria.valid">
          <trim prefix="(" prefixOverrides="and" suffix=")">
            <foreach collection="criteria.criteria" item="criterion">
              <choose>
                <when test="criterion.noValue">
                  and ${criterion.condition}
                </when>
                <when test="criterion.singleValue">
                  and ${criterion.condition} #{criterion.value}
                </when>
                <when test="criterion.betweenValue">
                  and ${criterion.condition} #{criterion.value} and #{criterion.secondValue}
                </when>
                <when test="criterion.listValue">
                  and ${criterion.condition}
                  <foreach close=")" collection="criterion.value" item="listItem" open="(" separator=",">
                    #{listItem}
                  </foreach>
                </when>
              </choose>
            </foreach>
          </trim>
        </if>
      </foreach>
    </where>
  </sql>
  <sql id="Update_By_Example_Where_Clause">
    <!--
      WARNING - @mbg.generated
      This element is automatically generated by MyBatis Generator, do not modify.
      This element was generated on Tue Jul 18 05:12:00 CST 2017.
    -->
    <where>
      <foreach collection="example.oredCriteria" item="criteria" separator="or">
        <if test="criteria.valid">
          <trim prefix="(" prefixOverrides="and" suffix=")">
            <foreach collection="criteria.criteria" item="criterion">
              <choose>
                <when test="criterion.noValue">
                  and ${criterion.condition}
                </when>
                <when test="criterion.singleValue">
                  and ${criterion.condition} #{criterion.value}
                </when>
                <when test="criterion.betweenValue">
                  and ${criterion.condition} #{criterion.value} and #{criterion.secondValue}
                </when>
                <when test="criterion.listValue">
                  and ${criterion.condition}
                  <foreach close=")" collection="criterion.value" item="listItem" open="(" separator=",">
                    #{listItem}
                  </foreach>
                </when>
              </choose>
            </foreach>
          </trim>
        </if>
      </foreach>
    </where>
  </sql>
  <sql id="Base_Column_List">
    <!--
      WARNING - @mbg.generated
      This element is automatically generated by MyBatis Generator, do not modify.
      This element was generated on Tue Jul 18 05:12:00 CST 2017.
    -->
    id, member_id, pid, physicalstate, meatime, gludata, healthrecord, createtime, delflag
  </sql>
  <select id="selectByExample" parameterType="zdfs.tf02.model.GluDataExample" resultMap="BaseResultMap">
    <!--
      WARNING - @mbg.generated
      This element is automatically generated by MyBatis Generator, do not modify.
      This element was generated on Tue Jul 18 05:12:00 CST 2017.
    -->
    select
    <if test="distinct">
      distinct
    </if>
    <include refid="Base_Column_List" />
    from glu_data
    <if test="_parameter != null">
      <include refid="Example_Where_Clause" />
    </if>
    <if test="orderByClause != null">
      order by ${orderByClause}
    </if>
  </select>
  <select id="selectByPrimaryKey" parameterType="java.lang.Integer" resultMap="BaseResultMap">
    <!--
      WARNING - @mbg.generated
      This element is automatically generated by MyBatis Generator, do not modify.
      This element was generated on Tue Jul 18 05:12:00 CST 2017.
    -->
    select 
    <include refid="Base_Column_List" />
    from glu_data
    where id = #{id,jdbcType=INTEGER}
  </select>
  <delete id="deleteByPrimaryKey" parameterType="java.lang.Integer">
    <!--
      WARNING - @mbg.generated
      This element is automatically generated by MyBatis Generator, do not modify.
      This element was generated on Tue Jul 18 05:12:00 CST 2017.
    -->
    delete from glu_data
    where id = #{id,jdbcType=INTEGER}
  </delete>
  <delete id="deleteByExample" parameterType="zdfs.tf02.model.GluDataExample">
    <!--
      WARNING - @mbg.generated
      This element is automatically generated by MyBatis Generator, do not modify.
      This element was generated on Tue Jul 18 05:12:00 CST 2017.
    -->
    delete from glu_data
    <if test="_parameter != null">
      <include refid="Example_Where_Clause" />
    </if>
  </delete>
  <insert id="insert" parameterType="zdfs.tf02.model.GluData">
    <!--
      WARNING - @mbg.generated
      This element is automatically generated by MyBatis Generator, do not modify.
      This element was generated on Tue Jul 18 05:12:00 CST 2017.
    -->
    <selectKey keyProperty="id" order="BEFORE" resultType="java.lang.Integer">
      SELECT LAST_INSERT_ID()
    </selectKey>
    insert into glu_data (id, member_id, pid, 
      physicalstate, meatime, gludata, 
      healthrecord, createtime, delflag
      )
    values (#{id,jdbcType=INTEGER}, #{member_id,jdbcType=VARCHAR}, #{pid,jdbcType=VARCHAR}, 
      #{physicalstate,jdbcType=INTEGER}, #{meatime,jdbcType=TIMESTAMP}, #{gludata,jdbcType=REAL}, 
      #{healthrecord,jdbcType=VARCHAR}, #{createtime,jdbcType=TIMESTAMP}, #{delflag,jdbcType=BIT}
      )
  </insert>
  <insert id="insertSelective" parameterType="zdfs.tf02.model.GluData">
    <!--
      WARNING - @mbg.generated
      This element is automatically generated by MyBatis Generator, do not modify.
      This element was generated on Tue Jul 18 05:12:00 CST 2017.
    -->
    <selectKey keyProperty="id" order="BEFORE" resultType="java.lang.Integer">
      SELECT LAST_INSERT_ID()
    </selectKey>
    insert into glu_data
    <trim prefix="(" suffix=")" suffixOverrides=",">
      id,
      <if test="member_id != null">
        member_id,
      </if>
      <if test="pid != null">
        pid,
      </if>
      <if test="physicalstate != null">
        physicalstate,
      </if>
      <if test="meatime != null">
        meatime,
      </if>
      <if test="gludata != null">
        gludata,
      </if>
      <if test="healthrecord != null">
        healthrecord,
      </if>
      <if test="createtime != null">
        createtime,
      </if>
      <if test="delflag != null">
        delflag,
      </if>
    </trim>
    <trim prefix="values (" suffix=")" suffixOverrides=",">
      #{id,jdbcType=INTEGER},
      <if test="member_id != null">
        #{member_id,jdbcType=VARCHAR},
      </if>
      <if test="pid != null">
        #{pid,jdbcType=VARCHAR},
      </if>
      <if test="physicalstate != null">
        #{physicalstate,jdbcType=INTEGER},
      </if>
      <if test="meatime != null">
        #{meatime,jdbcType=TIMESTAMP},
      </if>
      <if test="gludata != null">
        #{gludata,jdbcType=REAL},
      </if>
      <if test="healthrecord != null">
        #{healthrecord,jdbcType=VARCHAR},
      </if>
      <if test="createtime != null">
        #{createtime,jdbcType=TIMESTAMP},
      </if>
      <if test="delflag != null">
        #{delflag,jdbcType=BIT},
      </if>
    </trim>
  </insert>
  <select id="countByExample" parameterType="zdfs.tf02.model.GluDataExample" resultType="java.lang.Long">
    <!--
      WARNING - @mbg.generated
      This element is automatically generated by MyBatis Generator, do not modify.
      This element was generated on Tue Jul 18 05:12:00 CST 2017.
    -->
    select count(*) from glu_data
    <if test="_parameter != null">
      <include refid="Example_Where_Clause" />
    </if>
  </select>
  <update id="updateByExampleSelective" parameterType="map">
    <!--
      WARNING - @mbg.generated
      This element is automatically generated by MyBatis Generator, do not modify.
      This element was generated on Tue Jul 18 05:12:00 CST 2017.
    -->
    update glu_data
    <set>
      <if test="record.id != null">
        id = #{record.id,jdbcType=INTEGER},
      </if>
      <if test="record.member_id != null">
        member_id = #{record.member_id,jdbcType=VARCHAR},
      </if>
      <if test="record.pid != null">
        pid = #{record.pid,jdbcType=VARCHAR},
      </if>
      <if test="record.physicalstate != null">
        physicalstate = #{record.physicalstate,jdbcType=INTEGER},
      </if>
      <if test="record.meatime != null">
        meatime = #{record.meatime,jdbcType=TIMESTAMP},
      </if>
      <if test="record.gludata != null">
        gludata = #{record.gludata,jdbcType=REAL},
      </if>
      <if test="record.healthrecord != null">
        healthrecord = #{record.healthrecord,jdbcType=VARCHAR},
      </if>
      <if test="record.createtime != null">
        createtime = #{record.createtime,jdbcType=TIMESTAMP},
      </if>
      <if test="record.delflag != null">
        delflag = #{record.delflag,jdbcType=BIT},
      </if>
    </set>
    <if test="_parameter != null">
      <include refid="Update_By_Example_Where_Clause" />
    </if>
  </update>
  <update id="updateByExample" parameterType="map">
    <!--
      WARNING - @mbg.generated
      This element is automatically generated by MyBatis Generator, do not modify.
      This element was generated on Tue Jul 18 05:12:00 CST 2017.
    -->
    update glu_data
    set id = #{record.id,jdbcType=INTEGER},
      member_id = #{record.member_id,jdbcType=VARCHAR},
      pid = #{record.pid,jdbcType=VARCHAR},
      physicalstate = #{record.physicalstate,jdbcType=INTEGER},
      meatime = #{record.meatime,jdbcType=TIMESTAMP},
      gludata = #{record.gludata,jdbcType=REAL},
      healthrecord = #{record.healthrecord,jdbcType=VARCHAR},
      createtime = #{record.createtime,jdbcType=TIMESTAMP},
      delflag = #{record.delflag,jdbcType=BIT}
    <if test="_parameter != null">
      <include refid="Update_By_Example_Where_Clause" />
    </if>
  </update>
  <update id="updateByPrimaryKeySelective" parameterType="zdfs.tf02.model.GluData">
    <!--
      WARNING - @mbg.generated
      This element is automatically generated by MyBatis Generator, do not modify.
      This element was generated on Tue Jul 18 05:12:00 CST 2017.
    -->
    update glu_data
    <set>
      <if test="member_id != null">
        member_id = #{member_id,jdbcType=VARCHAR},
      </if>
      <if test="pid != null">
        pid = #{pid,jdbcType=VARCHAR},
      </if>
      <if test="physicalstate != null">
        physicalstate = #{physicalstate,jdbcType=INTEGER},
      </if>
      <if test="meatime != null">
        meatime = #{meatime,jdbcType=TIMESTAMP},
      </if>
      <if test="gludata != null">
        gludata = #{gludata,jdbcType=REAL},
      </if>
      <if test="healthrecord != null">
        healthrecord = #{healthrecord,jdbcType=VARCHAR},
      </if>
      <if test="createtime != null">
        createtime = #{createtime,jdbcType=TIMESTAMP},
      </if>
      <if test="delflag != null">
        delflag = #{delflag,jdbcType=BIT},
      </if>
    </set>
    where id = #{id,jdbcType=INTEGER}
  </update>
  <update id="updateByPrimaryKey" parameterType="zdfs.tf02.model.GluData">
    <!--
      WARNING - @mbg.generated
      This element is automatically generated by MyBatis Generator, do not modify.
      This element was generated on Tue Jul 18 05:12:00 CST 2017.
    -->
    update glu_data
    set member_id = #{member_id,jdbcType=VARCHAR},
      pid = #{pid,jdbcType=VARCHAR},
      physicalstate = #{physicalstate,jdbcType=INTEGER},
      meatime = #{meatime,jdbcType=TIMESTAMP},
      gludata = #{gludata,jdbcType=REAL},
      healthrecord = #{healthrecord,jdbcType=VARCHAR},
      createtime = #{createtime,jdbcType=TIMESTAMP},
      delflag = #{delflag,jdbcType=BIT}
    where id = #{id,jdbcType=INTEGER}
  </update>
  
  <select id='findLatest'  parameterType="java.lang.Integer" resultMap="BaseResultMap">
  	select 
    <include refid="Base_Column_List" />
    from glu_data where id=(select max(id) from glu_data where member_id=#{member_id,jdbcType=VARCHAR})
  </select>
  
  
</mapper>