<?xml version="1.0" encoding="UTF-8"?>
<!DOCTYPE mapper PUBLIC "-//mybatis.org//DTD Mapper 3.0//EN" "http://mybatis.org/dtd/mybatis-3-mapper.dtd">
<mapper namespace="zdfs.tf02.dao.MembersInfoMapper">
  <resultMap id="BaseResultMap" type="zdfs.tf02.model.MembersInfo">
    <!--
      WARNING - @mbg.generated
      This element is automatically generated by MyBatis Generator, do not modify.
      This element was generated on Tue Jul 18 05:12:00 CST 2017.
    -->
    <id column="id" jdbcType="INTEGER" property="id" />
    <result column="membersname" jdbcType="VARCHAR" property="membersname" />
    <result column="sex" jdbcType="BIT" property="sex" />
    <result column="id_type" jdbcType="VARCHAR" property="id_type" />
    <result column="id_card" jdbcType="VARCHAR" property="id_card" />
    <result column="tel" jdbcType="VARCHAR" property="tel" />
    <result column="picture" jdbcType="VARCHAR" property="picture" />
    <result column="blood_type" jdbcType="VARCHAR" property="blood_type" />
    <result column="marry_status" jdbcType="VARCHAR" property="marry_status" />
    <result column="job" jdbcType="VARCHAR" property="job" />
    <result column="birthday" jdbcType="DATE" property="birthday" />
    <result column="social_card" jdbcType="VARCHAR" property="social_card" />
    <result column="address" jdbcType="VARCHAR" property="address" />
    <result column="home" jdbcType="VARCHAR" property="home" />
    <result column="height" jdbcType="VARCHAR" property="height" />
    <result column="history" jdbcType="VARCHAR" property="history" />
    <result column="allergic" jdbcType="VARCHAR" property="allergic" />
    <result column="family" jdbcType="VARCHAR" property="family" />
    <result column="createtime" jdbcType="TIMESTAMP" property="createtime" />
    <result column="delflag" jdbcType="BIT" property="delflag" />
    <result column="client_id" jdbcType="INTEGER" property="client_id" />
  </resultMap>
  <sql id="Example_Where_Clause">
    <!--
      WARNING - @mbg.generated
      This element is automatically generated by MyBatis Generator, do not modify.
      This element was generated on Tue Jul 18 05:12:00 CST 2017.
    -->
    <where>
      <foreach collection="oredCriteria" item="criteria" separator="or">
        <if test="criteria.valid">
          <trim prefix="(" prefixOverrides="and" suffix=")">
            <foreach collection="criteria.criteria" item="criterion">
              <choose>
                <when test="criterion.noValue">
                  and ${criterion.condition}
                </when>
                <when test="criterion.singleValue">
                  and ${criterion.condition} #{criterion.value}
                </when>
                <when test="criterion.betweenValue">
                  and ${criterion.condition} #{criterion.value} and #{criterion.secondValue}
                </when>
                <when test="criterion.listValue">
                  and ${criterion.condition}
                  <foreach close=")" collection="criterion.value" item="listItem" open="(" separator=",">
                    #{listItem}
                  </foreach>
                </when>
              </choose>
            </foreach>
          </trim>
        </if>
      </foreach>
    </where>
  </sql>
  <sql id="Update_By_Example_Where_Clause">
    <!--
      WARNING - @mbg.generated
      This element is automatically generated by MyBatis Generator, do not modify.
      This element was generated on Tue Jul 18 05:12:00 CST 2017.
    -->
    <where>
      <foreach collection="example.oredCriteria" item="criteria" separator="or">
        <if test="criteria.valid">
          <trim prefix="(" prefixOverrides="and" suffix=")">
            <foreach collection="criteria.criteria" item="criterion">
              <choose>
                <when test="criterion.noValue">
                  and ${criterion.condition}
                </when>
                <when test="criterion.singleValue">
                  and ${criterion.condition} #{criterion.value}
                </when>
                <when test="criterion.betweenValue">
                  and ${criterion.condition} #{criterion.value} and #{criterion.secondValue}
                </when>
                <when test="criterion.listValue">
                  and ${criterion.condition}
                  <foreach close=")" collection="criterion.value" item="listItem" open="(" separator=",">
                    #{listItem}
                  </foreach>
                </when>
              </choose>
            </foreach>
          </trim>
        </if>
      </foreach>
    </where>
  </sql>
  <sql id="Base_Column_List">
    <!--
      WARNING - @mbg.generated
      This element is automatically generated by MyBatis Generator, do not modify.
      This element was generated on Tue Jul 18 05:12:00 CST 2017.
    -->
    id, membersname, sex, id_type, id_card, tel, picture, blood_type, marry_status, job, 
    birthday, social_card, address, home, height, history, allergic, family, createtime, 
    delflag, client_id
  </sql>
  <select id="selectByExample" parameterType="zdfs.tf02.model.MembersInfoExample" resultMap="BaseResultMap">
    <!--
      WARNING - @mbg.generated
      This element is automatically generated by MyBatis Generator, do not modify.
      This element was generated on Tue Jul 18 05:12:00 CST 2017.
    -->
    select
    <if test="distinct">
      distinct
    </if>
    <include refid="Base_Column_List" />
    from members_info
    <if test="_parameter != null">
      <include refid="Example_Where_Clause" />
    </if>
    <if test="orderByClause != null">
      order by ${orderByClause}
    </if>
  </select>
  <select id="selectByPrimaryKey" parameterType="java.lang.Integer" resultMap="BaseResultMap">
    <!--
      WARNING - @mbg.generated
      This element is automatically generated by MyBatis Generator, do not modify.
      This element was generated on Tue Jul 18 05:12:00 CST 2017.
    -->
    select 
    <include refid="Base_Column_List" />
    from members_info
    where id = #{id,jdbcType=INTEGER}
  </select>
  <delete id="deleteByPrimaryKey" parameterType="java.lang.Integer">
    <!--
      WARNING - @mbg.generated
      This element is automatically generated by MyBatis Generator, do not modify.
      This element was generated on Tue Jul 18 05:12:00 CST 2017.
    -->
    delete from members_info
    where id = #{id,jdbcType=INTEGER}
  </delete>
  <delete id="deleteByExample" parameterType="zdfs.tf02.model.MembersInfoExample">
    <!--
      WARNING - @mbg.generated
      This element is automatically generated by MyBatis Generator, do not modify.
      This element was generated on Tue Jul 18 05:12:00 CST 2017.
    -->
    delete from members_info
    <if test="_parameter != null">
      <include refid="Example_Where_Clause" />
    </if>
  </delete>
  <insert id="insert" parameterType="zdfs.tf02.model.MembersInfo">
    <!--
      WARNING - @mbg.generated
      This element is automatically generated by MyBatis Generator, do not modify.
      This element was generated on Tue Jul 18 05:12:00 CST 2017.
    -->
    <selectKey keyProperty="id" order="BEFORE" resultType="java.lang.Integer">
      SELECT LAST_INSERT_ID()
    </selectKey>
    insert into members_info (id, membersname, sex, 
      id_type, id_card, tel, 
      picture, blood_type, marry_status, 
      job, birthday, social_card, 
      address, home, height, 
      history, allergic, family, 
      createtime, delflag, client_id
      )
    values (#{id,jdbcType=INTEGER}, #{membersname,jdbcType=VARCHAR}, #{sex,jdbcType=BIT}, 
      #{id_type,jdbcType=VARCHAR}, #{id_card,jdbcType=VARCHAR}, #{tel,jdbcType=VARCHAR}, 
      #{picture,jdbcType=VARCHAR}, #{blood_type,jdbcType=VARCHAR}, #{marry_status,jdbcType=VARCHAR}, 
      #{job,jdbcType=VARCHAR}, #{birthday,jdbcType=DATE}, #{social_card,jdbcType=VARCHAR}, 
      #{address,jdbcType=VARCHAR}, #{home,jdbcType=VARCHAR}, #{height,jdbcType=VARCHAR}, 
      #{history,jdbcType=VARCHAR}, #{allergic,jdbcType=VARCHAR}, #{family,jdbcType=VARCHAR}, 
      #{createtime,jdbcType=TIMESTAMP}, #{delflag,jdbcType=BIT}, #{client_id,jdbcType=INTEGER}
      )
  </insert>
  <insert id="insertSelective" parameterType="zdfs.tf02.model.MembersInfo">
    <!--
      WARNING - @mbg.generated
      This element is automatically generated by MyBatis Generator, do not modify.
      This element was generated on Tue Jul 18 05:12:00 CST 2017.
    -->
    <selectKey keyProperty="id" order="BEFORE" resultType="java.lang.Integer">
      SELECT LAST_INSERT_ID()
    </selectKey>
    insert into members_info
    <trim prefix="(" suffix=")" suffixOverrides=",">
      id,
      <if test="membersname != null">
        membersname,
      </if>
      <if test="sex != null">
        sex,
      </if>
      <if test="id_type != null">
        id_type,
      </if>
      <if test="id_card != null">
        id_card,
      </if>
      <if test="tel != null">
        tel,
      </if>
      <if test="picture != null">
        picture,
      </if>
      <if test="blood_type != null">
        blood_type,
      </if>
      <if test="marry_status != null">
        marry_status,
      </if>
      <if test="job != null">
        job,
      </if>
      <if test="birthday != null">
        birthday,
      </if>
      <if test="social_card != null">
        social_card,
      </if>
      <if test="address != null">
        address,
      </if>
      <if test="home != null">
        home,
      </if>
      <if test="height != null">
        height,
      </if>
      <if test="history != null">
        history,
      </if>
      <if test="allergic != null">
        allergic,
      </if>
      <if test="family != null">
        family,
      </if>
      <if test="createtime != null">
        createtime,
      </if>
      <if test="delflag != null">
        delflag,
      </if>
      <if test="client_id != null">
        client_id,
      </if>
    </trim>
    <trim prefix="values (" suffix=")" suffixOverrides=",">
      #{id,jdbcType=INTEGER},
      <if test="membersname != null">
        #{membersname,jdbcType=VARCHAR},
      </if>
      <if test="sex != null">
        #{sex,jdbcType=BIT},
      </if>
      <if test="id_type != null">
        #{id_type,jdbcType=VARCHAR},
      </if>
      <if test="id_card != null">
        #{id_card,jdbcType=VARCHAR},
      </if>
      <if test="tel != null">
        #{tel,jdbcType=VARCHAR},
      </if>
      <if test="picture != null">
        #{picture,jdbcType=VARCHAR},
      </if>
      <if test="blood_type != null">
        #{blood_type,jdbcType=VARCHAR},
      </if>
      <if test="marry_status != null">
        #{marry_status,jdbcType=VARCHAR},
      </if>
      <if test="job != null">
        #{job,jdbcType=VARCHAR},
      </if>
      <if test="birthday != null">
        #{birthday,jdbcType=DATE},
      </if>
      <if test="social_card != null">
        #{social_card,jdbcType=VARCHAR},
      </if>
      <if test="address != null">
        #{address,jdbcType=VARCHAR},
      </if>
      <if test="home != null">
        #{home,jdbcType=VARCHAR},
      </if>
      <if test="height != null">
        #{height,jdbcType=VARCHAR},
      </if>
      <if test="history != null">
        #{history,jdbcType=VARCHAR},
      </if>
      <if test="allergic != null">
        #{allergic,jdbcType=VARCHAR},
      </if>
      <if test="family != null">
        #{family,jdbcType=VARCHAR},
      </if>
      <if test="createtime != null">
        #{createtime,jdbcType=TIMESTAMP},
      </if>
      <if test="delflag != null">
        #{delflag,jdbcType=BIT},
      </if>
      <if test="client_id != null">
        #{client_id,jdbcType=INTEGER},
      </if>
    </trim>
  </insert>
  <select id="countByExample" parameterType="zdfs.tf02.model.MembersInfoExample" resultType="java.lang.Long">
    <!--
      WARNING - @mbg.generated
      This element is automatically generated by MyBatis Generator, do not modify.
      This element was generated on Tue Jul 18 05:12:00 CST 2017.
    -->
    select count(*) from members_info
    <if test="_parameter != null">
      <include refid="Example_Where_Clause" />
    </if>
  </select>
  <update id="updateByExampleSelective" parameterType="map">
    <!--
      WARNING - @mbg.generated
      This element is automatically generated by MyBatis Generator, do not modify.
      This element was generated on Tue Jul 18 05:12:00 CST 2017.
    -->
    update members_info
    <set>
      <if test="record.id != null">
        id = #{record.id,jdbcType=INTEGER},
      </if>
      <if test="record.membersname != null">
        membersname = #{record.membersname,jdbcType=VARCHAR},
      </if>
      <if test="record.sex != null">
        sex = #{record.sex,jdbcType=BIT},
      </if>
      <if test="record.id_type != null">
        id_type = #{record.id_type,jdbcType=VARCHAR},
      </if>
      <if test="record.id_card != null">
        id_card = #{record.id_card,jdbcType=VARCHAR},
      </if>
      <if test="record.tel != null">
        tel = #{record.tel,jdbcType=VARCHAR},
      </if>
      <if test="record.picture != null">
        picture = #{record.picture,jdbcType=VARCHAR},
      </if>
      <if test="record.blood_type != null">
        blood_type = #{record.blood_type,jdbcType=VARCHAR},
      </if>
      <if test="record.marry_status != null">
        marry_status = #{record.marry_status,jdbcType=VARCHAR},
      </if>
      <if test="record.job != null">
        job = #{record.job,jdbcType=VARCHAR},
      </if>
      <if test="record.birthday != null">
        birthday = #{record.birthday,jdbcType=DATE},
      </if>
      <if test="record.social_card != null">
        social_card = #{record.social_card,jdbcType=VARCHAR},
      </if>
      <if test="record.address != null">
        address = #{record.address,jdbcType=VARCHAR},
      </if>
      <if test="record.home != null">
        home = #{record.home,jdbcType=VARCHAR},
      </if>
      <if test="record.height != null">
        height = #{record.height,jdbcType=VARCHAR},
      </if>
      <if test="record.history != null">
        history = #{record.history,jdbcType=VARCHAR},
      </if>
      <if test="record.allergic != null">
        allergic = #{record.allergic,jdbcType=VARCHAR},
      </if>
      <if test="record.family != null">
        family = #{record.family,jdbcType=VARCHAR},
      </if>
      <if test="record.createtime != null">
        createtime = #{record.createtime,jdbcType=TIMESTAMP},
      </if>
      <if test="record.delflag != null">
        delflag = #{record.delflag,jdbcType=BIT},
      </if>
      <if test="record.client_id != null">
        client_id = #{record.client_id,jdbcType=INTEGER},
      </if>
    </set>
    <if test="_parameter != null">
      <include refid="Update_By_Example_Where_Clause" />
    </if>
  </update>
  <update id="updateByExample" parameterType="map">
    <!--
      WARNING - @mbg.generated
      This element is automatically generated by MyBatis Generator, do not modify.
      This element was generated on Tue Jul 18 05:12:00 CST 2017.
    -->
    update members_info
    set id = #{record.id,jdbcType=INTEGER},
      membersname = #{record.membersname,jdbcType=VARCHAR},
      sex = #{record.sex,jdbcType=BIT},
      id_type = #{record.id_type,jdbcType=VARCHAR},
      id_card = #{record.id_card,jdbcType=VARCHAR},
      tel = #{record.tel,jdbcType=VARCHAR},
      picture = #{record.picture,jdbcType=VARCHAR},
      blood_type = #{record.blood_type,jdbcType=VARCHAR},
      marry_status = #{record.marry_status,jdbcType=VARCHAR},
      job = #{record.job,jdbcType=VARCHAR},
      birthday = #{record.birthday,jdbcType=DATE},
      social_card = #{record.social_card,jdbcType=VARCHAR},
      address = #{record.address,jdbcType=VARCHAR},
      home = #{record.home,jdbcType=VARCHAR},
      height = #{record.height,jdbcType=VARCHAR},
      history = #{record.history,jdbcType=VARCHAR},
      allergic = #{record.allergic,jdbcType=VARCHAR},
      family = #{record.family,jdbcType=VARCHAR},
      createtime = #{record.createtime,jdbcType=TIMESTAMP},
      delflag = #{record.delflag,jdbcType=BIT},
      client_id = #{record.client_id,jdbcType=INTEGER}
    <if test="_parameter != null">
      <include refid="Update_By_Example_Where_Clause" />
    </if>
  </update>
  <update id="updateByPrimaryKeySelective" parameterType="zdfs.tf02.model.MembersInfo">
    <!--
      WARNING - @mbg.generated
      This element is automatically generated by MyBatis Generator, do not modify.
      This element was generated on Tue Jul 18 05:12:00 CST 2017.
    -->
    update members_info
    <set>
      <if test="membersname != null">
        membersname = #{membersname,jdbcType=VARCHAR},
      </if>
      <if test="sex != null">
        sex = #{sex,jdbcType=BIT},
      </if>
      <if test="id_type != null">
        id_type = #{id_type,jdbcType=VARCHAR},
      </if>
      <if test="id_card != null">
        id_card = #{id_card,jdbcType=VARCHAR},
      </if>
      <if test="tel != null">
        tel = #{tel,jdbcType=VARCHAR},
      </if>
      <if test="picture != null">
        picture = #{picture,jdbcType=VARCHAR},
      </if>
      <if test="blood_type != null">
        blood_type = #{blood_type,jdbcType=VARCHAR},
      </if>
      <if test="marry_status != null">
        marry_status = #{marry_status,jdbcType=VARCHAR},
      </if>
      <if test="job != null">
        job = #{job,jdbcType=VARCHAR},
      </if>
      <if test="birthday != null">
        birthday = #{birthday,jdbcType=DATE},
      </if>
      <if test="social_card != null">
        social_card = #{social_card,jdbcType=VARCHAR},
      </if>
      <if test="address != null">
        address = #{address,jdbcType=VARCHAR},
      </if>
      <if test="home != null">
        home = #{home,jdbcType=VARCHAR},
      </if>
      <if test="height != null">
        height = #{height,jdbcType=VARCHAR},
      </if>
      <if test="history != null">
        history = #{history,jdbcType=VARCHAR},
      </if>
      <if test="allergic != null">
        allergic = #{allergic,jdbcType=VARCHAR},
      </if>
      <if test="family != null">
        family = #{family,jdbcType=VARCHAR},
      </if>
      <if test="createtime != null">
        createtime = #{createtime,jdbcType=TIMESTAMP},
      </if>
      <if test="delflag != null">
        delflag = #{delflag,jdbcType=BIT},
      </if>
      <if test="client_id != null">
        client_id = #{client_id,jdbcType=INTEGER},
      </if>
    </set>
    where id = #{id,jdbcType=INTEGER}
  </update>
  <update id="updateByPrimaryKey" parameterType="zdfs.tf02.model.MembersInfo">
    <!--
      WARNING - @mbg.generated
      This element is automatically generated by MyBatis Generator, do not modify.
      This element was generated on Tue Jul 18 05:12:00 CST 2017.
    -->
    update members_info
    set membersname = #{membersname,jdbcType=VARCHAR},
      sex = #{sex,jdbcType=BIT},
      id_type = #{id_type,jdbcType=VARCHAR},
      id_card = #{id_card,jdbcType=VARCHAR},
      tel = #{tel,jdbcType=VARCHAR},
      picture = #{picture,jdbcType=VARCHAR},
      blood_type = #{blood_type,jdbcType=VARCHAR},
      marry_status = #{marry_status,jdbcType=VARCHAR},
      job = #{job,jdbcType=VARCHAR},
      birthday = #{birthday,jdbcType=DATE},
      social_card = #{social_card,jdbcType=VARCHAR},
      address = #{address,jdbcType=VARCHAR},
      home = #{home,jdbcType=VARCHAR},
      height = #{height,jdbcType=VARCHAR},
      history = #{history,jdbcType=VARCHAR},
      allergic = #{allergic,jdbcType=VARCHAR},
      family = #{family,jdbcType=VARCHAR},
      createtime = #{createtime,jdbcType=TIMESTAMP},
      delflag = #{delflag,jdbcType=BIT},
      client_id = #{client_id,jdbcType=INTEGER}
    where id = #{id,jdbcType=INTEGER}
  </update>
</mapper>