<?xml version="1.0" encoding="UTF-8"?>
<!DOCTYPE mapper PUBLIC "-//mybatis.org//DTD Mapper 3.0//EN" "http://mybatis.org/dtd/mybatis-3-mapper.dtd">
<mapper namespace="zdfs.tf02.dao.TodayRemindMapper">
  <resultMap id="BaseResultMap" type="zdfs.tf02.model.TodayRemind">
    <!--
      WARNING - @mbg.generated
      This element is automatically generated by MyBatis Generator, do not modify.
      This element was generated on Fri Jul 21 03:08:55 CST 2017.
    -->
    <id column="id" jdbcType="INTEGER" property="id" />
    <result column="member_id" jdbcType="VARCHAR" property="member_id" />
    <result column="product_name" jdbcType="VARCHAR" property="product_name" />
    <result column="remind_content" jdbcType="VARCHAR" property="remind_content" />
    <result column="create_date" jdbcType="TIMESTAMP" property="create_date" />
    <result column="delflag" jdbcType="BIT" property="delflag" />
  </resultMap>
  <sql id="Example_Where_Clause">
    <!--
      WARNING - @mbg.generated
      This element is automatically generated by MyBatis Generator, do not modify.
      This element was generated on Fri Jul 21 03:08:55 CST 2017.
    -->
    <where>
      <foreach collection="oredCriteria" item="criteria" separator="or">
        <if test="criteria.valid">
          <trim prefix="(" prefixOverrides="and" suffix=")">
            <foreach collection="criteria.criteria" item="criterion">
              <choose>
                <when test="criterion.noValue">
                  and ${criterion.condition}
                </when>
                <when test="criterion.singleValue">
                  and ${criterion.condition} #{criterion.value}
                </when>
                <when test="criterion.betweenValue">
                  and ${criterion.condition} #{criterion.value} and #{criterion.secondValue}
                </when>
                <when test="criterion.listValue">
                  and ${criterion.condition}
                  <foreach close=")" collection="criterion.value" item="listItem" open="(" separator=",">
                    #{listItem}
                  </foreach>
                </when>
              </choose>
            </foreach>
          </trim>
        </if>
      </foreach>
    </where>
  </sql>
  <sql id="Update_By_Example_Where_Clause">
    <!--
      WARNING - @mbg.generated
      This element is automatically generated by MyBatis Generator, do not modify.
      This element was generated on Fri Jul 21 03:08:55 CST 2017.
    -->
    <where>
      <foreach collection="example.oredCriteria" item="criteria" separator="or">
        <if test="criteria.valid">
          <trim prefix="(" prefixOverrides="and" suffix=")">
            <foreach collection="criteria.criteria" item="criterion">
              <choose>
                <when test="criterion.noValue">
                  and ${criterion.condition}
                </when>
                <when test="criterion.singleValue">
                  and ${criterion.condition} #{criterion.value}
                </when>
                <when test="criterion.betweenValue">
                  and ${criterion.condition} #{criterion.value} and #{criterion.secondValue}
                </when>
                <when test="criterion.listValue">
                  and ${criterion.condition}
                  <foreach close=")" collection="criterion.value" item="listItem" open="(" separator=",">
                    #{listItem}
                  </foreach>
                </when>
              </choose>
            </foreach>
          </trim>
        </if>
      </foreach>
    </where>
  </sql>
  <sql id="Base_Column_List">
    <!--
      WARNING - @mbg.generated
      This element is automatically generated by MyBatis Generator, do not modify.
      This element was generated on Fri Jul 21 03:08:55 CST 2017.
    -->
    id, member_id, product_name, remind_content, create_date, delflag
  </sql>
  <select id="selectByExample" parameterType="zdfs.tf02.model.TodayRemindExample" resultMap="BaseResultMap">
    <!--
      WARNING - @mbg.generated
      This element is automatically generated by MyBatis Generator, do not modify.
      This element was generated on Fri Jul 21 03:08:55 CST 2017.
    -->
    select
    <if test="distinct">
      distinct
    </if>
    <include refid="Base_Column_List" />
    from today_remind
    <if test="_parameter != null">
      <include refid="Example_Where_Clause" />
    </if>
    <if test="orderByClause != null">
      order by ${orderByClause}
    </if>
  </select>
  <select id="selectByPrimaryKey" parameterType="java.lang.Integer" resultMap="BaseResultMap">
    <!--
      WARNING - @mbg.generated
      This element is automatically generated by MyBatis Generator, do not modify.
      This element was generated on Fri Jul 21 03:08:55 CST 2017.
    -->
    select 
    <include refid="Base_Column_List" />
    from today_remind
    where id = #{id,jdbcType=INTEGER}
  </select>
  <delete id="deleteByPrimaryKey" parameterType="java.lang.Integer">
    <!--
      WARNING - @mbg.generated
      This element is automatically generated by MyBatis Generator, do not modify.
      This element was generated on Fri Jul 21 03:08:55 CST 2017.
    -->
    delete from today_remind
    where id = #{id,jdbcType=INTEGER}
  </delete>
  <delete id="deleteByExample" parameterType="zdfs.tf02.model.TodayRemindExample">
    <!--
      WARNING - @mbg.generated
      This element is automatically generated by MyBatis Generator, do not modify.
      This element was generated on Fri Jul 21 03:08:55 CST 2017.
    -->
    delete from today_remind
    <if test="_parameter != null">
      <include refid="Example_Where_Clause" />
    </if>
  </delete>
  <insert id="insert" parameterType="zdfs.tf02.model.TodayRemind">
    <!--
      WARNING - @mbg.generated
      This element is automatically generated by MyBatis Generator, do not modify.
      This element was generated on Fri Jul 21 03:08:55 CST 2017.
    -->
    <selectKey keyProperty="id" order="BEFORE" resultType="java.lang.Integer">
      SELECT LAST_INSERT_ID()
    </selectKey>
    insert into today_remind (id, member_id, product_name, 
      remind_content, create_date, delflag
      )
    values (#{id,jdbcType=INTEGER}, #{member_id,jdbcType=VARCHAR}, #{product_name,jdbcType=VARCHAR}, 
      #{remind_content,jdbcType=VARCHAR}, #{create_date,jdbcType=TIMESTAMP}, #{delflag,jdbcType=BIT}
      )
  </insert>
  <insert id="insertSelective" parameterType="zdfs.tf02.model.TodayRemind">
    <!--
      WARNING - @mbg.generated
      This element is automatically generated by MyBatis Generator, do not modify.
      This element was generated on Fri Jul 21 03:08:55 CST 2017.
    -->
    <selectKey keyProperty="id" order="BEFORE" resultType="java.lang.Integer">
      SELECT LAST_INSERT_ID()
    </selectKey>
    insert into today_remind
    <trim prefix="(" suffix=")" suffixOverrides=",">
      id,
      <if test="member_id != null">
        member_id,
      </if>
      <if test="product_name != null">
        product_name,
      </if>
      <if test="remind_content != null">
        remind_content,
      </if>
      <if test="create_date != null">
        create_date,
      </if>
      <if test="delflag != null">
        delflag,
      </if>
    </trim>
    <trim prefix="values (" suffix=")" suffixOverrides=",">
      #{id,jdbcType=INTEGER},
      <if test="member_id != null">
        #{member_id,jdbcType=VARCHAR},
      </if>
      <if test="product_name != null">
        #{product_name,jdbcType=VARCHAR},
      </if>
      <if test="remind_content != null">
        #{remind_content,jdbcType=VARCHAR},
      </if>
      <if test="create_date != null">
        #{create_date,jdbcType=TIMESTAMP},
      </if>
      <if test="delflag != null">
        #{delflag,jdbcType=BIT},
      </if>
    </trim>
  </insert>
  <select id="countByExample" parameterType="zdfs.tf02.model.TodayRemindExample" resultType="java.lang.Long">
    <!--
      WARNING - @mbg.generated
      This element is automatically generated by MyBatis Generator, do not modify.
      This element was generated on Fri Jul 21 03:08:55 CST 2017.
    -->
    select count(*) from today_remind
    <if test="_parameter != null">
      <include refid="Example_Where_Clause" />
    </if>
  </select>
  <update id="updateByExampleSelective" parameterType="map">
    <!--
      WARNING - @mbg.generated
      This element is automatically generated by MyBatis Generator, do not modify.
      This element was generated on Fri Jul 21 03:08:55 CST 2017.
    -->
    update today_remind
    <set>
      <if test="record.id != null">
        id = #{record.id,jdbcType=INTEGER},
      </if>
      <if test="record.member_id != null">
        member_id = #{record.member_id,jdbcType=VARCHAR},
      </if>
      <if test="record.product_name != null">
        product_name = #{record.product_name,jdbcType=VARCHAR},
      </if>
      <if test="record.remind_content != null">
        remind_content = #{record.remind_content,jdbcType=VARCHAR},
      </if>
      <if test="record.create_date != null">
        create_date = #{record.create_date,jdbcType=TIMESTAMP},
      </if>
      <if test="record.delflag != null">
        delflag = #{record.delflag,jdbcType=BIT},
      </if>
    </set>
    <if test="_parameter != null">
      <include refid="Update_By_Example_Where_Clause" />
    </if>
  </update>
  <update id="updateByExample" parameterType="map">
    <!--
      WARNING - @mbg.generated
      This element is automatically generated by MyBatis Generator, do not modify.
      This element was generated on Fri Jul 21 03:08:55 CST 2017.
    -->
    update today_remind
    set id = #{record.id,jdbcType=INTEGER},
      member_id = #{record.member_id,jdbcType=VARCHAR},
      product_name = #{record.product_name,jdbcType=VARCHAR},
      remind_content = #{record.remind_content,jdbcType=VARCHAR},
      create_date = #{record.create_date,jdbcType=TIMESTAMP},
      delflag = #{record.delflag,jdbcType=BIT}
    <if test="_parameter != null">
      <include refid="Update_By_Example_Where_Clause" />
    </if>
  </update>
  <update id="updateByPrimaryKeySelective" parameterType="zdfs.tf02.model.TodayRemind">
    <!--
      WARNING - @mbg.generated
      This element is automatically generated by MyBatis Generator, do not modify.
      This element was generated on Fri Jul 21 03:08:55 CST 2017.
    -->
    update today_remind
    <set>
      <if test="member_id != null">
        member_id = #{member_id,jdbcType=VARCHAR},
      </if>
      <if test="product_name != null">
        product_name = #{product_name,jdbcType=VARCHAR},
      </if>
      <if test="remind_content != null">
        remind_content = #{remind_content,jdbcType=VARCHAR},
      </if>
      <if test="create_date != null">
        create_date = #{create_date,jdbcType=TIMESTAMP},
      </if>
      <if test="delflag != null">
        delflag = #{delflag,jdbcType=BIT},
      </if>
    </set>
    where id = #{id,jdbcType=INTEGER}
  </update>
  <update id="updateByPrimaryKey" parameterType="zdfs.tf02.model.TodayRemind">
    <!--
      WARNING - @mbg.generated
      This element is automatically generated by MyBatis Generator, do not modify.
      This element was generated on Fri Jul 21 03:08:55 CST 2017.
    -->
    update today_remind
    set member_id = #{member_id,jdbcType=VARCHAR},
      product_name = #{product_name,jdbcType=VARCHAR},
      remind_content = #{remind_content,jdbcType=VARCHAR},
      create_date = #{create_date,jdbcType=TIMESTAMP},
      delflag = #{delflag,jdbcType=BIT}
    where id = #{id,jdbcType=INTEGER}
  </update>
</mapper>